point_id,lat,lon,threshold_mm,lead_days,POD,FAR,CSI,BIAS,HSS,FAR_lo,FAR_hi,wet_days,n
p0000,9.5,77.0,1.0,1,0.9775280898876404,0.36403508771929827,0.6268011527377522,1.5370786516853931,0.45079620970290407,0.3022743591584692,0.419078448822783,445,926
p0001,9.5,78.5,1.0,1,0.859375,0.5703125,0.40145985401459855,2.0,0.40973258706467663,0.5060922492740674,0.6452729267452484,192,926
p0002,11.0,77.0,1.0,1,0.8108108108108109,0.7360703812316716,0.24861878453038674,3.0720720720720722,0.2653580282922561,0.6602171197782762,0.8146449236649836,111,926
p0003,11.0,78.5,1.0,1,0.8193548387096774,0.5709459459459459,0.39197530864197533,1.9096774193548387,0.44019320825124436,0.495028479681945,0.6576455154110621,155,926
p0004,12.5,75.5,1.0,1,0.9574468085106383,0.21875,0.7550335570469798,1.225531914893617,0.6834973639607076,0.17247379536695154,0.27103199746554724,470,926
p0005,12.5,77.0,1.0,1,0.7763157894736842,0.512396694214876,0.427536231884058,1.5921052631578947,0.42509784197538625,0.4491938097553071,0.5786558944327628,228,926
p0006,12.5,78.5,1.0,1,0.8155339805825242,0.5058823529411764,0.4444444444444444,1.6504854368932038,0.46798498560938506,0.4337327984925484,0.5862319566960705,206,926
p0007,12.5,80.0,1.0,1,0.9012345679012346,0.6021798365122616,0.381201044386423,2.265432098765432,0.4083721080696382,0.5367782208525796,0.6636143938215934,162,926
p0008,14.0,75.5,1.0,1,0.9093851132686084,0.33569739952718675,0.623059866962306,1.3689320388349515,0.6219663895412783,0.2727019639603158,0.3995220588235294,309,926
p0009,14.0,77.0,1.0,1,0.8787878787878788,0.6005509641873278,0.3785900783289817,2.2,0.4029658284977434,0.5245504703687532,0.6738772563176896,165,926
p0010,14.0,78.5,1.0,1,0.7861271676300579,0.5584415584415584,0.39420289855072466,1.7803468208092486,0.42883029648386545,0.49089505089505087,0.6283921893591705,173,926
p0011,14.0,80.0,1.0,1,0.8198198198198198,0.48732394366197185,0.4607594936708861,1.5990990990990992,0.4763806075150923,0.4072164948453608,0.5714526214526214,222,926
p0012,15.5,74.0,1.0,1,0.9758064516129032,0.22103004291845493,0.7642105263157895,1.2526881720430108,0.7584070219248795,0.1496291166114333,0.30806909803571086,372,926
p0013,15.5,75.5,1.0,1,0.8202247191011236,0.45112781954887216,0.4899328859060403,1.4943820224719102,0.4769528056484578,0.3838081519419547,0.5170509267536801,267,926
p0014,15.5,77.0,1.0,1,0.8407643312101911,0.5900621118012422,0.3804034582132565,2.050955414012739,0.4186236662130672,0.5162942656322015,0.6630102040816326,157,926
p0015,15.5,78.5,1.0,1,0.8396624472573839,0.42485549132947975,0.5182291666666666,1.459915611814346,0.5442113160961437,0.3501794941803436,0.4934170864315983,237,926
p0016,15.5,80.0,1.0,1,0.8290155440414507,0.49843260188087773,0.45454545454545453,1.6528497409326426,0.4934383351663067,0.42468003080282296,0.572564214978337,193,926
p0017,17.0,74.0,1.0,1,0.9444444444444444,0.3182957393483709,0.655421686746988,1.3854166666666667,0.6741185909267654,0.23768334771354616,0.41181053157807024,288,926
p0018,17.0,75.5,1.0,1,0.8520408163265306,0.4984984984984985,0.4613259668508287,1.6989795918367347,0.4974646413483321,0.4319461958806221,0.5729672805642634,196,926
p0019,17.0,77.0,1.0,1,0.8059701492537313,0.5235294117647059,0.42744063324538256,1.691542288557214,0.4483949424353393,0.44589960919656907,0.607507110930516,201,926
p0020,17.0,78.5,1.0,1,0.7925531914893617,0.5130718954248366,0.4318840579710145,1.627659574468085,0.4699113286680608,0.44779135338345866,0.5840031746031745,188,926
p0021,17.0,80.0,1.0,1,0.841025641025641,0.4906832298136646,0.46458923512747874,1.6512820512820512,0.5044370572145361,0.42856026785714285,0.5577631920495421,195,926
p0022,17.0,81.5,1.0,1,0.8855721393034826,0.5412371134020618,0.43309002433090027,1.9303482587064678,0.4459759961791094,0.4797117139493947,0.599216420468177,201,926
p0023,18.5,74.0,1.0,1,0.8649789029535865,0.375,0.5694444444444444,1.3839662447257384,0.6096737173594983,0.2970061950329111,0.45947297297297296,237,926
p0024,18.5,75.5,1.0,1,0.8895348837209303,0.5578034682080925,0.4191780821917808,2.011627906976744,0.4556626479298144,0.48010743974984743,0.6267169117647059,172,926
p0025,18.5,77.0,1.0,1,0.859375,0.4811320754716981,0.4782608695652174,1.65625,0.5239727201069262,0.41016004902945785,0.5492806069061736,192,926
p0026,18.5,78.5,1.0,1,0.8735632183908046,0.5489614243323442,0.4233983286908078,1.9367816091954022,0.46143126071197776,0.4881974804417855,0.6161847909474492,174,926
p0027,18.5,80.0,1.0,1,0.8181818181818182,0.3181818181818182,0.5921052631578947,1.2,0.6210228922979432,0.2515147486182074,0.3840333163312622,275,926
p0028,18.5,81.5,1.0,1,0.8754325259515571,0.3411458333333333,0.6023809523809524,1.328719723183391,0.6145955349087592,0.27341974431818183,0.42222366148531953,289,926
p0029,18.5,83.0,1.0,1,0.9098712446351931,0.5246636771300448,0.4539614561027837,1.9141630901287554,0.4390118740467264,0.467845643682191,0.580569551434216,233,926
p0030,20.0,72.5,1.0,1,0.9750889679715302,0.2789473684210526,0.7080103359173127,1.3523131672597866,0.7374374570291524,0.19850194746829122,0.37160995873553904,281,926
p0031,20.0,74.0,1.0,1,0.8844221105527639,0.4584615384615385,0.5057471264367817,1.6331658291457287,0.5524483384568696,0.40274647887323944,0.5192469418960245,199,926
p0032,20.0,75.5,1.0,1,0.9020618556701031,0.4205298013245033,0.5451713395638629,1.556701030927835,0.6048287150707354,0.3542089831195673,0.493594398340249,194,926
p0033,20.0,77.0,1.0,1,0.8839285714285714,0.34868421052631576,0.6,1.3571428571428572,0.6534745532069309,0.2814841357103589,0.4256779661016949,224,926
p0034,20.0,78.5,1.0,1,0.8277310924369747,0.3519736842105263,0.5710144927536231,1.2773109243697478,0.6163140978980257,0.2848562440718084,0.41953298173201864,238,926
p0035,20.0,80.0,1.0,1,0.8345070422535211,0.25471698113207547,0.6493150684931507,1.119718309859155,0.6854586177247975,0.19998878923766816,0.32090602284527514,284,926
p0036,20.0,81.5,1.0,1,0.9417989417989417,0.526595744680851,0.4599483204134367,1.9894179894179893,0.49211939264476645,0.45102966444309683,0.619053356282272,189,926
p0037,20.0,83.0,1.0,1,0.8438661710037175,0.3439306358381503,0.5850515463917526,1.2862453531598512,0.6110887927751198,0.2927445343106281,0.4039160617952072,269,926
p0038,20.0,84.5,1.0,1,0.8154362416107382,0.38636363636363635,0.5388026607538803,1.3288590604026846,0.5263287328959146,0.32452429149797574,0.4505515370705244,298,926
p0039,20.0,86.0,1.0,1,0.9547738693467337,0.5539906103286385,0.4367816091954023,2.14070351758794,0.4455794448707484,0.49891492244999597,0.6213211600429644,199,926
p0040,21.5,69.5,1.0,1,0.9333333333333333,0.5384615384615384,0.44680851063829785,2.022222222222222,0.5249689244914468,0.44782084102736275,0.6278398934492306,135,926
p0041,21.5,71.0,1.0,1,0.7875,0.3853658536585366,0.5271966527196653,1.28125,0.6158522706413598,0.29896610972864085,0.4730626512931584,160,926
p0042,21.5,72.5,1.0,1,0.8868778280542986,0.26865671641791045,0.6689419795221843,1.2126696832579185,0.7313597999748772,0.21028983203518253,0.33920901510383894,221,926
p0043,21.5,74.0,1.0,1,0.9388888888888889,0.46006389776357826,0.5216049382716049,1.738888888888889,0.5825650451666191,0.38309574774256216,0.5454809725158561,180,926
p0044,21.5,75.5,1.0,1,0.8805970149253731,0.4380952380952381,0.5221238938053098,1.5671641791044777,0.5728417419828808,0.3745371640937679,0.5132137911371782,201,926
p0045,21.5,77.0,1.0,1,0.8565891472868217,0.2608695652173913,0.6577380952380952,1.1589147286821706,0.705420223625027,0.191331758335103,0.34106252434748735,258,926
p0046,21.5,78.5,1.0,1,0.8091872791519434,0.268370607028754,0.6239782016348774,1.1060070671378093,0.6589937503002098,0.2065736708401379,0.3402377136752137,283,926
p0047,21.5,80.0,1.0,1,0.8725099601593626,0.30254777070063693,0.6329479768786127,1.250996015936255,0.6782980725567755,0.238368903550339,0.3665807702084392,251,926
p0048,21.5,81.5,1.0,1,0.8874458874458875,0.3768996960486322,0.5774647887323944,1.4242424242424243,0.62107365193337,0.3148975092072107,0.4524727336749539,231,926
p0049,21.5,83.0,1.0,1,0.8634538152610441,0.35240963855421686,0.587431693989071,1.3333333333333333,0.6247994203987441,0.3022352946316231,0.41106608734952127,249,926
p0050,21.5,84.5,1.0,1,0.8621908127208481,0.3333333333333333,0.6024691358024692,1.2932862190812722,0.6214342665901508,0.2688598727069636,0.40848986985106667,283,926
p0051,21.5,86.0,1.0,1,0.8356545961002786,0.27884615384615385,0.631578947368421,1.158774373259053,0.6132107446498728,0.21806261882440436,0.3545330483779236,359,926
p0052,23.0,69.5,1.0,1,0.8230088495575221,0.5079365079365079,0.4449760765550239,1.6725663716814159,0.5466493344250395,0.4230555555555556,0.605885738349242,113,926
p0053,23.0,71.0,1.0,1,0.8115942028985508,0.38461538461538464,0.5384615384615384,1.318840579710145,0.6387633692012613,0.3157518796992481,0.46261679370543396,138,926
p0054,23.0,72.5,1.0,1,0.8484848484848485,0.35185185185185186,0.5809128630705395,1.309090909090909,0.6677891207206439,0.2677595628415301,0.4362947993767043,165,926
p0055,23.0,74.0,1.0,1,0.8926553672316384,0.41044776119402987,0.5505226480836237,1.5141242937853108,0.6234087226275071,0.33081149122394243,0.5000999999999999,177,926
p0056,23.0,75.5,1.0,1,0.8388625592417062,0.3832752613240418,0.5514018691588785,1.3601895734597156,0.6078509796079216,0.3145002988706957,0.4694937135159407,211,926
p0057,23.0,77.0,1.0,1,0.83984375,0.2833333333333333,0.6304985337243402,1.171875,0.677026817547667,0.22788782772895635,0.34534958546586453,256,926
p0058,23.0,78.5,1.0,1,0.8786610878661087,0.27335640138408307,0.660377358490566,1.209205020920502,0.7149031033165519,0.20843291990062207,0.3410865676285292,239,926
p0059,23.0,80.0,1.0,1,0.9279279279279279,0.33116883116883117,0.6358024691358025,1.3873873873873874,0.6913577457150282,0.25785222008812564,0.4151517886445684,222,926
p0060,23.0,81.5,1.0,1,0.8754448398576512,0.29512893982808025,0.640625,1.2419928825622777,0.6700048031980003,0.2295483088965477,0.37463034539083195,281,926
p0061,23.0,83.0,1.0,1,0.8571428571428571,0.2336448598130841,0.6795580110497238,1.1184668989547037,0.7163963944935235,0.18099317319610864,0.294880073800738,287,926
p0062,23.0,84.5,1.0,1,0.8625,0.26790450928381965,0.6555819477434679,1.178125,0.6677652904177245,0.20736797532930254,0.32990030961859074,320,926
p0063,23.0,86.0,1.0,1,0.8287671232876712,0.3314917127071823,0.587378640776699,1.2397260273972603,0.6006555114714508,0.26549225487064837,0.4025591268735125,292,926
p0064,23.0,87.5,1.0,1,0.8867313915857605,0.3200992555831266,0.6255707762557078,1.3042071197411003,0.6298329343973792,0.2658842753308744,0.3844492462935009,309,926
p0065,24.5,69.5,1.0,1,0.647887323943662,0.3698630136986301,0.46938775510204084,1.028169014084507,0.6084502919221324,0.20893967661691543,0.5542168674698795,71,926
p0066,24.5,71.0,1.0,1,0.7171717171717171,0.37719298245614036,0.5,1.1515151515151516,0.6235901663746808,0.2627561036999748,0.5,99,926
p0067,24.5,72.5,1.0,1,0.7865168539325843,0.2670157068062827,0.611353711790393,1.0730337078651686,0.6988870945348523,0.19363399209486165,0.3580857019810507,178,926
p0068,24.5,74.0,1.0,1,0.8218390804597702,0.3940677966101695,0.5355805243445693,1.3563218390804597,0.6140784856754904,0.31385599919270746,0.4767167644183773,174,926
p0069,24.5,75.5,1.0,1,0.84375,0.425531914893617,0.5192307692307693,1.46875,0.6016450425026671,0.35262145748987855,0.5,160,926
p0070,24.5,77.0,1.0,1,0.817351598173516,0.32452830188679244,0.5868852459016394,1.2100456621004567,0.6486868966680116,0.27861394772761744,0.3733421052631579,219,926
p0071,24.5,78.5,1.0,1,0.8850574712643678,0.4358974358974359,0.5255972696245734,1.5689655172413792,0.5964040913338224,0.35456927155192464,0.5205526797550659,174,926
p0072,24.5,80.0,1.0,1,0.847926267281106,0.3333333333333333,0.5954692556634305,1.271889400921659,0.6562568674383935,0.26666666666666666,0.41012377820407414,217,926
p0073,24.5,81.5,1.0,1,0.8472906403940886,0.381294964028777,0.5566343042071198,1.3694581280788178,0.6185037499473744,0.3107960149930953,0.4714963054187191,203,926
p0074,24.5,83.0,1.0,1,0.8571428571428571,0.29285714285714287,0.6325878594249201,1.2121212121212122,0.6902793855031324,0.2463223619189579,0.3552253269644574,231,926
p0075,24.5,84.5,1.0,1,0.8691588785046729,0.41139240506329117,0.5406976744186046,1.4766355140186915,0.588481486898507,0.3516345723242275,0.4858515109065439,214,926
p0076,24.5,86.0,1.0,1,0.8140495867768595,0.384375,0.5397260273972603,1.322314049586777,0.5744066182988083,0.3191436346928678,0.45409322820037107,242,926
p0077,24.5,87.5,1.0,1,0.8425531914893617,0.4648648648648649,0.4864864864864865,1.574468085106383,0.49904485802293375,0.41101199530618454,0.5250131381381381,235,926
p0078,24.5,92.0,1.0,1,0.9356321839080459,0.23062381852551986,0.7307001795332136,1.2160919540229884,0.6787949143684354,0.18670535022226345,0.27820030846346633,435,926
p0079,24.5,93.5,1.0,1,0.9295774647887324,0.3877551020408163,0.5851063829787234,1.5183098591549296,0.5132381153488456,0.3362767523982444,0.44933292290065546,355,926
p0080,26.0,71.0,1.0,1,0.5957446808510638,0.36363636363636365,0.4444444444444444,0.9361702127659575,0.5735189620233176,0.2320684523809524,0.5294117647058824,94,926
p0081,26.0,72.5,1.0,1,0.7065217391304348,0.48,0.4276315789473684,1.358695652173913,0.5472569713726945,0.3863450683303624,0.5934796854521625,92,926
p0082,26.0,74.0,1.0,1,0.8256880733944955,0.4642857142857143,0.48128342245989303,1.5412844036697249,0.5914916453669762,0.3806951558444541,0.5652488062327217,109,926
p0083,26.0,75.5,1.0,1,0.8171428571428572,0.3440366972477064,0.572,1.2457142857142858,0.6555083478780883,0.2695133988575269,0.4229267399267399,175,926
p0084,26.0,77.0,1.0,1,0.8409090909090909,0.3807531380753138,0.5543071161048689,1.3579545454545454,0.6328849088159061,0.3067076830732293,0.46811482229882323,176,926
p0085,26.0,78.5,1.0,1,0.8454106280193237,0.31640625,0.6076388888888888,1.2367149758454106,0.6757964270001301,0.25538834238731467,0.37545126353790614,207,926
p0086,26.0,80.0,1.0,1,0.847457627118644,0.4318181818181818,0.5154639175257731,1.4915254237288136,0.5853863008478613,0.3725774402020502,0.4979942759543923,177,926
p0087,26.0,81.5,1.0,1,0.9573170731707317,0.4412811387900356,0.5451388888888888,1.7134146341463414,0.6208026208026208,0.36840863952333663,0.5242865955050152,164,926
p0088,26.0,83.0,1.0,1,0.9,0.5392491467576792,0.4383116883116883,1.9533333333333334,0.5029815275597391,0.4757897433612547,0.6088418724391748,150,926
p0089,26.0,84.5,1.0,1,0.8529411764705882,0.5150501672240803,0.44753086419753085,1.7588235294117647,0.5016925509719391,0.43504896742601656,0.6141742275870339,170,926
p0090,26.0,86.0,1.0,1,0.8471615720524017,0.4174174174174174,0.5271739130434783,1.4541484716157205,0.5620416528494311,0.35569058520980995,0.49470328949765036,229,926
p0091,26.0,87.5,1.0,1,0.9057377049180327,0.43765903307888043,0.53125,1.610655737704918,0.5463954300413487,0.36749885170603674,0.5137060371570986,244,926
p0092,26.0,90.5,1.0,1,0.9276139410187667,0.30522088353413657,0.659047619047619,1.3351206434316354,0.6189896055057259,0.2550333611342786,0.35484805081579274,373,926
p0093,26.0,92.0,1.0,1,0.9497041420118343,0.3850574712643678,0.5955473098330241,1.544378698224852,0.5448174471462588,0.334533615242859,0.4389397966436938,338,926
p0094,26.0,93.5,1.0,1,0.9292929292929293,0.4598825831702544,0.518796992481203,1.7205387205387206,0.46689934648753917,0.42481994635351766,0.49604858880928854,297,926
p0095,26.0,95.0,1.0,1,0.7727272727272727,0.18161925601750548,0.6596119929453262,0.9442148760330579,0.5833982144105924,0.13744742061795734,0.23025706606337557,484,926
p0096,27.5,69.5,1.0,1,0.38181818181818183,0.5116279069767442,0.2727272727272727,0.7818181818181819,0.39714943383942897,0.35553763440860214,0.7058823529411765,55,926
p0097,27.5,71.0,1.0,1,0.4875,0.4657534246575342,0.34210526315789475,0.9125,0.46576101170787243,0.3505025773195876,0.6101930320150659,80,926
p0098,27.5,72.5,1.0,1,0.6153846153846154,0.5247524752475248,0.366412213740458,1.294871794871795,0.48760650142001893,0.42999766355140184,0.625,78,926
p0099,27.5,74.0,1.0,1,0.6223776223776224,0.36879432624113473,0.4564102564102564,0.986013986013986,0.5591624823720683,0.2925228262690568,0.4486036500110383,143,926
p0100,27.5,75.5,1.0,1,0.8220858895705522,0.3963963963963964,0.5338645418326693,1.361963190184049,0.6186993643933582,0.31795954941116233,0.4944394346497846,163,926
p0101,27.5,77.0,1.0,1,0.7526315789473684,0.38362068965517243,0.5125448028673835,1.2210526315789474,0.5838367282196344,0.3185476403823178,0.4591546673286991,190,926
p0102,27.5,78.5,1.0,1,0.8579545454545454,0.41923076923076924,0.5298245614035088,1.4772727272727273,0.6025700156302047,0.35172098882065816,0.4917483503107182,176,926
p0103,27.5,80.0,1.0,1,0.8511904761904762,0.4856115107913669,0.47194719471947194,1.6547619047619047,0.5364031190157328,0.4140001956564273,0.56422256271651,168,926
p0104,27.5,81.5,1.0,1,0.8522727272727273,0.44649446494464945,0.5050505050505051,1.5397727272727273,0.5726556368316956,0.36750288350634375,0.5230813953488372,176,926
p0105,27.5,83.0,1.0,1,0.8695652173913043,0.5439739413680782,0.4268292682926829,1.906832298136646,0.4795793300130936,0.4648135653409091,0.6154153354632588,161,926
p0106,27.5,84.5,1.0,1,0.9655172413793104,0.5525114155251142,0.4404494382022472,2.1576354679802954,0.44538627693403054,0.4977657903439153,0.6100384414347058,203,926
p0107,27.5,92.0,1.0,1,0.9229166666666667,0.25671140939597314,0.6998420221169036,1.2416666666666667,0.5852584532408018,0.2093931169784694,0.3133093084605238,480,926
p0108,27.5,93.5,1.0,1,0.9767981438515081,0.4553686934023286,0.5376756066411239,1.7935034802784222,0.25272304928016975,0.3952789475681008,0.5222513089005235,431,926
p0109,27.5,95.0,1.0,1,0.9294117647058824,0.27255985267034993,0.6893542757417103,1.2776470588235294,0.6209264565864339,0.23386768957719065,0.3110576433260075,425,926
p0110,27.5,96.5,1.0,1,0.9483204134366925,0.36614853195164077,0.6126878130217028,1.496124031007752,0.5187131751685821,0.31855806551777677,0.4171861766953791,387,926
p0111,29.0,72.5,1.0,1,0.4939759036144578,0.4810126582278481,0.33884297520661155,0.9518072289156626,0.45886718578795893,0.3818122009569378,0.5833539603960396,83,926
p0112,29.0,74.0,1.0,1,0.5882352941176471,0.5041322314049587,0.36809815950920244,1.1862745098039216,0.4754089344054913,0.40729974160206717,0.6017742074061346,102,926
p0113,29.0,75.5,1.0,1,0.7058823529411765,0.5051546391752577,0.41025641025641024,1.4264705882352942,0.49453348733446195,0.42162029676735563,0.5878641141141141,136,926
p0114,29.0,77.0,1.0,1,0.8051948051948052,0.4854771784232365,0.4575645756457565,1.5649350649350648,0.5330964320749669,0.42956764190291963,0.5611155913978495,154,926
p0115,29.0,78.5,1.0,1,0.8709677419354839,0.4065934065934066,0.5454545454545454,1.467741935483871,0.61354404318068,0.32763293726035475,0.4782854799015586,186,926
p0116,29.0,80.0,1.0,1,0.8367346938775511,0.2906574394463668,0.6231003039513677,1.1795918367346938,0.6746033995137074,0.2321409734779988,0.35515681332913296,245,926
p0117,29.0,95.0,1.0,1,0.9455645161290323,0.28396946564885495,0.6876832844574781,1.3205645161290323,0.5259454028928102,0.23987741672182245,0.3333333333333333,496,926
p0118,29.0,96.5,1.0,1,0.9390681003584229,0.5467128027681661,0.4403361344537815,2.07168458781362,0.34539271172552,0.4958741199817532,0.5981333223058473,279,926
p0119,30.5,74.0,1.0,1,0.6704545454545454,0.6193548387096774,0.32065217391304346,1.7613636363636365,0.41462945918336386,0.5345683840062567,0.7055304944063515,88,926
p0120,30.5,75.5,1.0,1,0.7671232876712328,0.48148148148148145,0.448,1.4794520547945205,0.5304328654369075,0.42126380653412393,0.5416724860335195,146,926
p0121,30.5,77.0,1.0,1,0.7755102040816326,0.4015748031496063,0.5100671140939598,1.2959183673469388,0.5736917119685179,0.3319995951417004,0.46950086483815173,196,926
p0122,30.5,78.5,1.0,1,0.902127659574468,0.46329113924050636,0.507177033492823,1.6808510638297873,0.5203882030523219,0.40707635213772814,0.5283118622812518,235,926
p0123,30.5,80.0,1.0,1,0.556872037914692,0.24193548387096775,0.47283702213279677,0.7345971563981043,0.4170671228663694,0.1652409046214356,0.3475546194488076,422,926
p0124,32.0,75.5,1.0,1,0.8563829787234043,0.4166666666666667,0.5313531353135313,1.4680851063829787,0.5965116849960723,0.34750625782227784,0.4861458333333333,188,926
p0125,32.0,77.0,1.0,1,0.9597523219814241,0.41838649155722324,0.5677655677655677,1.6501547987616099,0.5125641814880737,0.3506641075547866,0.48968287684926026,323,926
p0126,32.0,78.5,1.0,1,0.9349112426035503,0.6735537190082644,0.3191919191919192,2.863905325443787,0.2925143849498737,0.6155376599661958,0.7385910040059867,169,926
p0127,33.5,74.0,1.0,1,0.8,0.35802469135802467,0.5531914893617021,1.2461538461538462,0.5821479221281534,0.3018259094667218,0.4161554362521308,260,926
p0128,33.5,75.5,1.0,1,0.91701244813278,0.5055928411633109,0.4732334047109208,1.8547717842323652,0.45973047714368387,0.4430258551036897,0.5577629055307627,241,926
p0129,33.5,77.0,1.0,1,0.5266666666666666,0.5212121212121212,0.3347457627118644,1.1,0.399719228704736,0.41665372670807455,0.6176572712418301,150,926
p0130,33.5,78.5,1.0,1,0.8617021276595744,0.6707317073170732,0.3127413127413127,2.617021276595745,0.3863257282420921,0.5958018874578567,0.7437011011301072,94,926
p0131,35.0,74.0,1.0,1,0.8730964467005076,0.6160714285714286,0.36363636363636365,2.2741116751269037,0.33756220915585683,0.5420934464430655,0.6808124676501035,197,926
p0132,35.0,75.5,1.0,1,0.8235294117647058,0.574585635359116,0.389873417721519,1.9358288770053476,0.4016772747502587,0.5081338295058702,0.6386169062646097,187,926
p0133,35.0,77.0,1.0,1,0.8448275862068966,0.8524096385542169,0.1436950146627566,5.724137931034483,0.16190783193027264,0.7988221018263281,0.9019031946061676,58,926
p0134,35.0,78.5,1.0,1,0.7391304347826086,0.7357512953367875,0.24170616113744076,2.7971014492753623,0.31400420413190233,0.6568161764705882,0.8117676179382645,69,926
p0135,35.0,80.0,1.0,1,0.47706422018348627,0.74,0.20233463035019456,1.834862385321101,0.2173056148828618,0.6396697874493927,0.8378378378378378,109,926
p0136,36.5,72.5,1.0,1,0.21428571428571427,0.9405940594059405,0.04878048780487805,3.607142857142857,-0.001849420206765179,0.8914254658385093,0.9764719690693179,56,926
p0137,36.5,74.0,1.0,1,0.6507936507936508,0.5444444444444444,0.36607142857142855,1.4285714285714286,0.38930687919151385,0.4649622259074995,0.6302759401632994,189,926
p0138,36.5,75.5,1.0,1,0.6439024390243903,0.5400696864111498,0.36666666666666664,1.4,0.37521676599925424,0.4602678571428571,0.6179462398067049,205,926
p0000,9.5,77.0,1.0,2,0.9842696629213483,0.3697841726618705,0.6239316239316239,1.5617977528089888,0.4407009997940928,0.31540185811358695,0.4290131096442978,445,926
p0001,9.5,78.5,1.0,2,0.859375,0.5843828715365239,0.3891509433962264,2.0677083333333335,0.3896825679575332,0.5164817130353236,0.6534576414619643,192,926
p0002,11.0,77.0,1.0,2,0.8378378378378378,0.7409470752089137,0.246684350132626,3.234234234234234,0.2602876896507108,0.654730574670416,0.8176855459393862,111,926
p0003,11.0,78.5,1.0,2,0.8064516129032258,0.571917808219178,0.38819875776397517,1.8838709677419354,0.43592804002448965,0.48637295754314586,0.6538461538461539,155,926
p0004,12.5,75.5,1.0,2,0.9595744680851064,0.21428571428571427,0.760539629005059,1.221276595744681,0.6921888460241956,0.16455156510646649,0.2695852680122556,470,926
p0005,12.5,77.0,1.0,2,0.75,0.5340599455040872,0.4033018867924528,1.6096491228070176,0.38929351594555,0.47091408268733853,0.5895866700834987,228,926
p0006,12.5,78.5,1.0,2,0.8106796116504854,0.5282485875706214,0.42493638676844786,1.7184466019417475,0.4385047972697418,0.45100663041472033,0.6052112681725242,206,926
p0007,12.5,80.0,1.0,2,0.8148148148148148,0.649867374005305,0.32432432432432434,2.3271604938271606,0.3244748863292711,0.5918878762483413,0.7068548498685485,162,926
p0008,14.0,75.5,1.0,2,0.889967637540453,0.3574766355140187,0.5952380952380952,1.3851132686084142,0.5856952133946474,0.2941111971104231,0.4206745426829268,309,926
p0009,14.0,77.0,1.0,2,0.896969696969697,0.6042780748663101,0.37851662404092073,2.2666666666666666,0.40106043748369685,0.5279926121372032,0.6737964407260352,165,926
p0010,14.0,78.5,1.0,2,0.7861271676300579,0.5598705501618123,0.3930635838150289,1.7861271676300579,0.42707811606927154,0.48854852154075634,0.6354403409090909,173,926
p0011,14.0,80.0,1.0,2,0.8018018018018018,0.48104956268221577,0.4599483204134367,1.545045045045045,0.47820155406607745,0.4038867694750582,0.5631904761904761,222,926
p0012,15.5,74.0,1.0,2,0.978494623655914,0.20869565217391303,0.7777777777777778,1.2365591397849462,0.775091547716912,0.14284906270200387,0.2903243414565432,372,926
p0013,15.5,75.5,1.0,2,0.8127340823970037,0.44783715012722647,0.4898419864559819,1.4719101123595506,0.4785022601657621,0.3812309058750565,0.5082794468762435,267,926
p0014,15.5,77.0,1.0,2,0.7961783439490446,0.6165644171779141,0.34916201117318435,2.0764331210191083,0.37442228626766483,0.5478574803389624,0.687504929022082,157,926
p0015,15.5,78.5,1.0,2,0.7805907172995781,0.46839080459770116,0.4625,1.4683544303797469,0.4715706103121898,0.39705791125383155,0.53573606271777,237,926
p0016,15.5,80.0,1.0,2,0.7927461139896373,0.5263157894736842,0.4214876033057851,1.6735751295336787,0.4493370863515113,0.4568651947928091,0.5896630556403214,193,926
p0017,17.0,74.0,1.0,2,0.9652777777777778,0.32195121951219513,0.6619047619047619,1.4236111111111112,0.6794347957521917,0.23464148059542797,0.41391748366013065,288,926
p0018,17.0,75.5,1.0,2,0.8214285714285714,0.5061349693251533,0.44598337950138506,1.663265306122449,0.479160807694471,0.43315572782206585,0.5754767975522692,196,926
p0019,17.0,77.0,1.0,2,0.8208955223880597,0.5403899721448467,0.4177215189873418,1.7860696517412935,0.4309029985944923,0.4615221987315011,0.6228638727439584,201,926
p0020,17.0,78.5,1.0,2,0.7393617021276596,0.5366666666666666,0.3982808022922636,1.5957446808510638,0.4265205492379559,0.4774557452189031,0.6038643790849673,188,926
p0021,17.0,80.0,1.0,2,0.7846153846153846,0.49836065573770494,0.4409221902017291,1.564102564102564,0.4778549629414329,0.4203358276235124,0.5754080996884735,195,926
p0022,17.0,81.5,1.0,2,0.8407960199004975,0.5456989247311828,0.4183168316831683,1.8507462686567164,0.4289260839671018,0.48997055311918813,0.6072469577296203,201,926
p0023,18.5,74.0,1.0,2,0.8481012658227848,0.35782747603833864,0.5759312320916905,1.3206751054852321,0.6203004394106467,0.2796547856430708,0.44561951754385964,237,926
p0024,18.5,75.5,1.0,2,0.872093023255814,0.563953488372093,0.4098360655737705,2.0,0.44359630577500836,0.4893973142606919,0.6393509154779647,172,926
p0025,18.5,77.0,1.0,2,0.8645833333333334,0.48286604361370716,0.4783861671469741,1.671875,0.5235406823699307,0.4063060485331402,0.5539446509706732,192,926
p0026,18.5,78.5,1.0,2,0.8448275862068966,0.5476923076923077,0.41761363636363635,1.867816091954023,0.4560339738777101,0.4783524536621213,0.6169396060678739,174,926
p0027,18.5,80.0,1.0,2,0.8145454545454546,0.3392330383480826,0.5743589743589743,1.2327272727272727,0.5977221457470807,0.26641676611806503,0.40742791842475384,275,926
p0028,18.5,81.5,1.0,2,0.8615916955017301,0.36153846153846153,0.5790697674418605,1.3494809688581315,0.5844486207460814,0.2908587072649573,0.45161734648538165,289,926
p0029,18.5,83.0,1.0,2,0.8884120171673819,0.5284738041002278,0.44516129032258067,1.8841201716738198,0.4280365239958056,0.46980603448275865,0.5890156210848378,233,926
p0030,20.0,72.5,1.0,2,0.9786476868327402,0.27440633245382584,0.7142857142857143,1.3487544483985765,0.7441744817436119,0.20045431280145343,0.3575470430107527,281,926
p0031,20.0,74.0,1.0,2,0.8944723618090452,0.45565749235474007,0.5114942528735632,1.64321608040201,0.5589611408399406,0.39242811125078564,0.5283779652726829,199,926
p0032,20.0,75.5,1.0,2,0.8917525773195877,0.44193548387096776,0.5226586102719033,1.597938144329897,0.577662055746715,0.375738419039524,0.5107958774046594,194,926
p0033,20.0,77.0,1.0,2,0.8839285714285714,0.35714285714285715,0.592814371257485,1.375,0.6448986036859082,0.28099363297365915,0.4538556338028169,224,926
p0034,20.0,78.5,1.0,2,0.7941176470588235,0.37,0.5415472779369628,1.2605042016806722,0.5831035375420667,0.30267823858341103,0.4533938825599704,238,926
p0035,20.0,80.0,1.0,2,0.8345070422535211,0.283987915407855,0.626984126984127,1.1654929577464788,0.657740076858148,0.22441838243587015,0.35965869260427613,284,926
p0036,20.0,81.5,1.0,2,0.9153439153439153,0.5361930294906166,0.44473007712082263,1.9735449735449735,0.4728347100032155,0.4601489019245879,0.6236621837675163,189,926
p0037,20.0,83.0,1.0,2,0.8438661710037175,0.3514285714285714,0.5790816326530612,1.3011152416356877,0.6030335624873342,0.2964884492558303,0.42105781185246577,269,926
p0038,20.0,84.5,1.0,2,0.8087248322147651,0.3975,0.5273522975929978,1.342281879194631,0.509702216949219,0.33944894243897766,0.4662581184894662,298,926
p0039,20.0,86.0,1.0,2,0.9396984924623115,0.5472154963680388,0.44,2.0753768844221105,0.45223170568029863,0.4878516894989858,0.6105316142705758,199,926
p0040,21.5,69.5,1.0,2,0.9333333333333333,0.5578947368421052,0.42857142857142855,2.111111111111111,0.5013366669872104,0.45421964589502867,0.6528669000368479,135,926
p0041,21.5,71.0,1.0,2,0.76875,0.33513513513513515,0.5540540540540541,1.15625,0.6477734660160602,0.25887882920423266,0.4190617217473244,160,926
p0042,21.5,72.5,1.0,2,0.8868778280542986,0.2872727272727273,0.6533333333333333,1.244343891402715,0.7148626482623036,0.22507135373387765,0.3541744402985075,221,926
p0043,21.5,74.0,1.0,2,0.9444444444444444,0.49101796407185627,0.4941860465116279,1.8555555555555556,0.5470533334832623,0.41240205452298223,0.5778601317407948,180,926
p0044,21.5,75.5,1.0,2,0.8955223880597015,0.44954128440366975,0.5172413793103449,1.626865671641791,0.5648131052887763,0.38235294117647056,0.5221477195371,201,926
p0045,21.5,77.0,1.0,2,0.8604651162790697,0.2861736334405145,0.6397694524495677,1.2054263565891472,0.6841039468585058,0.20951385116784357,0.37598334768877406,258,926
p0046,21.5,78.5,1.0,2,0.8056537102473498,0.29846153846153844,0.6,1.1484098939929328,0.6286795160635048,0.22685045443175186,0.37315315115815584,283,926
p0047,21.5,80.0,1.0,2,0.8286852589641435,0.32247557003257327,0.5942857142857143,1.2231075697211156,0.6373574852314159,0.26229175897208684,0.4016152846680841,251,926
p0048,21.5,81.5,1.0,2,0.8268398268398268,0.38977635782747605,0.5410764872521246,1.354978354978355,0.5822998401728583,0.3234307418667335,0.47809925172355805,231,926
p0049,21.5,83.0,1.0,2,0.8313253012048193,0.3630769230769231,0.5640326975476839,1.3052208835341366,0.5992144429957206,0.3068700396825397,0.4338253988035892,249,926
p0050,21.5,84.5,1.0,2,0.8515901060070671,0.34688346883468835,0.5863746958637469,1.303886925795053,0.6013654158795436,0.28163111967831533,0.42500811688311685,283,926
p0051,21.5,86.0,1.0,2,0.841225626740947,0.2634146341463415,0.6466809421841542,1.1420612813370474,0.6342234160214884,0.2091241399082569,0.32051526717557255,359,926
p0052,23.0,69.5,1.0,2,0.7787610619469026,0.5268817204301075,0.41706161137440756,1.6460176991150441,0.5149933145402362,0.42932841614906836,0.6391013134101076,113,926
p0053,23.0,71.0,1.0,2,0.7971014492753623,0.4148936170212766,0.5092592592592593,1.3623188405797102,0.6073571531433509,0.344328417143345,0.4974206349206348,138,926
p0054,23.0,72.5,1.0,2,0.8242424242424242,0.32338308457711445,0.591304347826087,1.2181818181818183,0.6806732554129706,0.24820939540762588,0.4055770944741533,165,926
p0055,23.0,74.0,1.0,2,0.8983050847457628,0.43010752688172044,0.5353535353535354,1.576271186440678,0.6049707873504591,0.3404223563035884,0.5123070175438597,177,926
p0056,23.0,75.5,1.0,2,0.8246445497630331,0.36496350364963503,0.5594855305466238,1.2985781990521328,0.6195836656851045,0.28769414795730586,0.453074900063118,211,926
p0057,23.0,77.0,1.0,2,0.8046875,0.2896551724137931,0.6058823529411764,1.1328125,0.6525386709080523,0.23546147290319347,0.34784084202242765,256,926
p0058,23.0,78.5,1.0,2,0.8619246861924686,0.29931972789115646,0.6299694189602446,1.2301255230125523,0.6826126121022248,0.22567689270168229,0.38892276422764227,239,926
p0059,23.0,80.0,1.0,2,0.9099099099099099,0.33986928104575165,0.6196319018404908,1.3783783783783783,0.6747785104117101,0.27111329743164875,0.42253526645768014,222,926
p0060,23.0,81.5,1.0,2,0.8327402135231317,0.3076923076923077,0.6077922077922078,1.2028469750889679,0.6351457840819543,0.23398872313751312,0.3933455598455598,281,926
p0061,23.0,83.0,1.0,2,0.8501742160278746,0.2606060606060606,0.6541554959785523,1.1498257839721255,0.6872293295489655,0.2028172371758322,0.3333636363636363,287,926
p0062,23.0,84.5,1.0,2,0.83125,0.2868632707774799,0.6229508196721312,1.165625,0.6300577174080269,0.2202514225990013,0.36314602791569733,320,926
p0063,23.0,86.0,1.0,2,0.815068493150685,0.3160919540229885,0.5920398009950248,1.1917808219178083,0.6100131481633659,0.2569924586610088,0.387683007985803,292,926
p0064,23.0,87.5,1.0,2,0.8543689320388349,0.3282442748091603,0.6027397260273972,1.2718446601941749,0.6042909980401692,0.2729599141016464,0.3929571253259702,309,926
p0065,24.5,69.5,1.0,2,0.5492957746478874,0.43478260869565216,0.38613861386138615,0.971830985915493,0.5209358989335959,0.3202274779860014,0.6066476799110864,71,926
p0066,24.5,71.0,1.0,2,0.6363636363636364,0.411214953271028,0.4405594405594406,1.0808080808080809,0.563130270684673,0.28703502415458937,0.5384955752212389,99,926
p0067,24.5,72.5,1.0,2,0.7921348314606742,0.2617801047120419,0.618421052631579,1.0730337078651686,0.7056536766801365,0.18323222915827628,0.35503362757461115,178,926
p0068,24.5,74.0,1.0,2,0.7988505747126436,0.36818181818181817,0.5450980392156862,1.264367816091954,0.6273952075037116,0.29362400424853957,0.45495548866401947,174,926
p0069,24.5,75.5,1.0,2,0.8625,0.450199203187251,0.5054945054945055,1.56875,0.583669146689935,0.3794604371921182,0.5310105664382901,160,926
p0070,24.5,77.0,1.0,2,0.8036529680365296,0.3383458646616541,0.56957928802589,1.2146118721461188,0.6297135916200143,0.28895045172219086,0.405281954887218,219,926
p0071,24.5,78.5,1.0,2,0.896551724137931,0.4264705882352941,0.5379310344827586,1.5632183908045978,0.6102154928692592,0.3393555073035926,0.5133725971961266,174,926
p0072,24.5,80.0,1.0,2,0.8847926267281107,0.28888888888888886,0.6508474576271186,1.2442396313364055,0.7142506186672738,0.21817171717171716,0.3672433132010353,217,926
p0073,24.5,81.5,1.0,2,0.8719211822660099,0.3811188811188811,0.5673076923076923,1.4088669950738917,0.6287177233009997,0.3115202702702703,0.46924411599325244,203,926
p0074,24.5,83.0,1.0,2,0.8484848484848485,0.30742049469964666,0.6163522012578616,1.225108225108225,0.6727517105133568,0.2541765692716343,0.37394176874889035,231,926
p0075,24.5,84.5,1.0,2,0.8551401869158879,0.3920265780730897,0.5512048192771084,1.4065420560747663,0.6035936126322322,0.3314897224831627,0.4691721132897603,214,926
p0076,24.5,86.0,1.0,2,0.8057851239669421,0.390625,0.5313351498637602,1.322314049586777,0.564273442544018,0.32745133959239753,0.46573329613137604,242,926
p0077,24.5,87.5,1.0,2,0.8340425531914893,0.4842105263157895,0.4677804295942721,1.6170212765957446,0.47172350277571695,0.429881174277726,0.5366744372990353,235,926
p0078,24.5,92.0,1.0,2,0.9264367816091954,0.2338403041825095,0.7222222222222222,1.2091954022988505,0.6679590807512041,0.19018372135703426,0.28237689509409425,435,926
p0079,24.5,93.5,1.0,2,0.9211267605633803,0.40219378427787933,0.568695652173913,1.5408450704225352,0.48611042736113785,0.34448904883363113,0.4610556565972321,355,926
p0080,26.0,71.0,1.0,2,0.5106382978723404,0.45454545454545453,0.3582089552238806,0.9361702127659575,0.4760375819143617,0.31576510721247564,0.6363636363636364,94,926
p0081,26.0,72.5,1.0,2,0.7065217391304348,0.49612403100775193,0.4166666666666667,1.4021739130434783,0.5342103808523575,0.4017838064713065,0.6080173913043478,92,926
p0082,26.0,74.0,1.0,2,0.8623853211009175,0.4659090909090909,0.49214659685863876,1.614678899082569,0.601750450027046,0.37695955687077926,0.577922077922078,109,926
p0083,26.0,75.5,1.0,2,0.7942857142857143,0.35944700460829493,0.549407114624506,1.24,0.6322350039367062,0.28904747596153846,0.43566618083128106,175,926
p0084,26.0,77.0,1.0,2,0.8125,0.39148936170212767,0.5335820895522388,1.3352272727272727,0.6114024427091377,0.31744029365300624,0.47643132248571923,176,926
p0085,26.0,78.5,1.0,2,0.8309178743961353,0.3359073359073359,0.5850340136054422,1.251207729468599,0.6516327978044343,0.2690553234135073,0.4044496124031008,207,926
p0086,26.0,80.0,1.0,2,0.8418079096045198,0.4522058823529412,0.49666666666666665,1.536723163841808,0.5623407598455018,0.3980218944538766,0.5156397804054054,177,926
p0087,26.0,81.5,1.0,2,0.9512195121951219,0.44680851063829785,0.5379310344827586,1.7195121951219512,0.6128424336973479,0.36883599685616975,0.5378522384625631,164,926
p0088,26.0,83.0,1.0,2,0.88,0.5416666666666666,0.43137254901960786,1.92,0.49520658671378626,0.47279521740284797,0.6160755469161835,150,926
p0089,26.0,84.5,1.0,2,0.8588235294117647,0.5394321766561514,0.4281524926686217,1.8647058823529412,0.4738360403517667,0.4677084661481576,0.6220926733864901,170,926
p0090,26.0,86.0,1.0,2,0.8646288209606987,0.4176470588235294,0.5336927223719676,1.48471615720524,0.5684018815973102,0.3569556817042413,0.4891647142498535,229,926
p0091,26.0,87.5,1.0,2,0.8442622950819673,0.4635416666666667,0.4881516587677725,1.5737704918032787,0.4925203483061684,0.3903035661656351,0.5402873521949352,244,926
p0092,26.0,90.5,1.0,2,0.9302949061662198,0.3142292490118577,0.6522556390977443,1.35656836461126,0.6075174464692379,0.26214550574788587,0.36442668315526994,373,926
p0093,26.0,92.0,1.0,2,0.9289940828402367,0.39961759082217974,0.5740402193784278,1.547337278106509,0.5137716400218146,0.3457702223654528,0.45908391927578596,338,926
p0094,26.0,93.5,1.0,2,0.9259259259259259,0.46705426356589147,0.5111524163568774,1.7373737373737375,0.45435929147230547,0.4285651848151848,0.5046638888888889,297,926
p0095,26.0,95.0,1.0,2,0.7582644628099173,0.1752808988764045,0.6530249110320284,0.9194214876033058,0.5795750348084024,0.13103304698457222,0.2235584305896806,484,926
p0096,27.5,69.5,1.0,2,0.43636363636363634,0.5102040816326531,0.3,0.8909090909090909,0.42961480080075676,0.375,0.6810172872340424,55,926
p0097,27.5,71.0,1.0,2,0.5125,0.4057971014492754,0.37962962962962965,0.8625,0.5112263065845243,0.3125,0.5208406690140845,80,926
p0098,27.5,72.5,1.0,2,0.5641025641025641,0.5728155339805825,0.32116788321167883,1.3205128205128205,0.4317068985996912,0.4691261574074074,0.6714570164348924,78,926
p0099,27.5,74.0,1.0,2,0.6293706293706294,0.40789473684210525,0.43902439024390244,1.062937062937063,0.5363912615695391,0.3272670097198399,0.49056896753779444,143,926
p0100,27.5,75.5,1.0,2,0.7730061349693251,0.4084507042253521,0.504,1.3067484662576687,0.588057602479748,0.31978521817907296,0.49789514525437706,163,926
p0101,27.5,77.0,1.0,2,0.7789473684210526,0.4008097165991903,0.5121107266435986,1.3,0.5799061782099214,0.3318589317215651,0.4730862831858407,190,926
p0102,27.5,78.5,1.0,2,0.8409090909090909,0.4150197628458498,0.5266903914590747,1.4375,0.6003932536875645,0.3575741874705606,0.4784494345569151,176,926
p0103,27.5,80.0,1.0,2,0.8809523809523809,0.48788927335640137,0.47896440129449835,1.7202380952380953,0.5427903753089751,0.4054835241287711,0.5611529144031713,168,926
p0104,27.5,81.5,1.0,2,0.8693181818181818,0.476027397260274,0.4857142857142857,1.6590909090909092,0.5462212327275368,0.3985671894644874,0.5540640888413165,176,926
p0105,27.5,83.0,1.0,2,0.8571428571428571,0.5632911392405063,0.40707964601769914,1.9627329192546583,0.452490072069422,0.4882524545308225,0.6463311352117281,161,926
p0106,27.5,84.5,1.0,2,0.9211822660098522,0.5547619047619048,0.4288990825688073,2.0689655172413794,0.4326120016339467,0.4951892405839774,0.6176619634340222,203,926
p0107,27.5,92.0,1.0,2,0.9291666666666667,0.26158940397350994,0.6990595611285266,1.2583333333333333,0.5806238559809787,0.21049964438122332,0.324842745317305,480,926
p0108,27.5,93.5,1.0,2,0.9837587006960556,0.44935064935064933,0.5456885456885456,1.7865429234338748,0.27098972760077256,0.39285603646663125,0.5145289493495806,431,926
p0109,27.5,95.0,1.0,2,0.9035294117647059,0.292817679558011,0.6575342465753424,1.2776470588235294,0.5740746703218358,0.24340635979375883,0.33409426043557167,425,926
p0110,27.5,96.5,1.0,2,0.9431524547803618,0.39267886855241263,0.5858747993579454,1.5529715762273901,0.46875569806588185,0.34590973748868487,0.44173479132843085,387,926
p0111,29.0,72.5,1.0,2,0.5301204819277109,0.5164835164835165,0.3384615384615385,1.0963855421686748,0.4546151844293169,0.4315489673550966,0.5872206539637732,83,926
p0112,29.0,74.0,1.0,2,0.5588235294117647,0.5581395348837209,0.3275862068965517,1.2647058823529411,0.4224532224532225,0.4678862089375555,0.6568995098039215,102,926
p0113,29.0,75.5,1.0,2,0.7205882352941176,0.5148514851485149,0.4083333333333333,1.4852941176470589,0.4904279890251275,0.4478209109730849,0.5932394545686249,136,926
p0114,29.0,77.0,1.0,2,0.7922077922077922,0.4830508474576271,0.4552238805970149,1.5324675324675325,0.5313050351531624,0.4210101867572156,0.556795195954488,154,926
p0115,29.0,78.5,1.0,2,0.8763440860215054,0.4280701754385965,0.5292207792207793,1.532258064516129,0.5932765065459855,0.3564771971812259,0.5039511793013307,186,926
p0116,29.0,80.0,1.0,2,0.8693877551020408,0.3194888178913738,0.6173913043478261,1.2775510204081633,0.6635859722902642,0.2649734550624195,0.3885355114726422,245,926
p0117,29.0,95.0,1.0,2,0.9435483870967742,0.28110599078341014,0.6892488954344624,1.3125,0.5306944010760695,0.24064872335910978,0.3268639235629527,496,926
p0118,29.0,96.5,1.0,2,0.9247311827956989,0.5441696113074205,0.4395229982964225,2.028673835125448,0.3471354914474051,0.49457653844557864,0.5976740351273933,279,926
p0119,30.5,74.0,1.0,2,0.7386363636363636,0.6285714285714286,0.3282828282828283,1.9886363636363635,0.4210813300867734,0.5454360679970436,0.7058958445763627,88,926
p0120,30.5,75.5,1.0,2,0.7191780821917808,0.5353982300884956,0.39325842696629215,1.547945205479452,0.4613185866130422,0.4644244842486758,0.6061952634233574,146,926
p0121,30.5,77.0,1.0,2,0.75,0.40963855421686746,0.49328859060402686,1.2704081632653061,0.5553484999777397,0.34209964012595595,0.47562427409988384,196,926
p0122,30.5,78.5,1.0,2,0.9063829787234042,0.4621212121212121,0.5095693779904307,1.6851063829787234,0.5232629976945448,0.4029771144278607,0.5323783576688945,235,926
p0123,30.5,80.0,1.0,2,0.566350710900474,0.23885350318471338,0.48088531187122735,0.7440758293838863,0.4264188994526073,0.16091701956039525,0.33885603303471445,422,926
p0124,32.0,75.5,1.0,2,0.851063829787234,0.4520547945205479,0.5,1.553191489361702,0.5573190553590209,0.3825103867050176,0.5121976209516194,188,926
p0125,32.0,77.0,1.0,2,0.9504643962848297,0.4107485604606526,0.5716945996275605,1.6130030959752322,0.5213695958002418,0.33901434899845917,0.4817844611528822,323,926
p0126,32.0,78.5,1.0,2,0.9289940828402367,0.6623655913978495,0.32914046121593293,2.7514792899408285,0.3107458701042534,0.5984367971210077,0.7250056306306306,169,926
p0127,33.5,74.0,1.0,2,0.7461538461538462,0.4049079754601227,0.49489795918367346,1.2538461538461538,0.5086032225902937,0.3506770833333333,0.4643027752502275,260,926
p0128,33.5,75.5,1.0,2,0.9004149377593361,0.49417249417249415,0.47902869757174393,1.7800829875518671,0.47167840789861765,0.43013303769401334,0.5560316621363133,241,926
p0129,33.5,77.0,1.0,2,0.5333333333333333,0.5238095238095238,0.33613445378151263,1.12,0.4005441106576856,0.4277261804247581,0.615894475543116,150,926
p0130,33.5,78.5,1.0,2,0.8191489361702128,0.6895161290322581,0.29056603773584905,2.6382978723404253,0.3553919753543552,0.6086917840012378,0.7606414791815127,94,926
p0131,35.0,74.0,1.0,2,0.8324873096446701,0.6159250585480094,0.3565217391304348,2.16751269035533,0.3307974393656033,0.5476699865326192,0.6788170852643154,197,926
p0132,35.0,75.5,1.0,2,0.7754010695187166,0.5903954802259888,0.3661616161616162,1.893048128342246,0.36938437745882735,0.5261641973194022,0.6512263682847242,187,926
p0133,35.0,77.0,1.0,2,0.7758620689655172,0.8606811145510835,0.13392857142857142,5.568965517241379,0.1454693059510747,0.8033333333333333,0.9116610560577856,58,926
p0134,35.0,78.5,1.0,2,0.6811594202898551,0.7134146341463414,0.25268817204301075,2.3768115942028984,0.3335231921129211,0.6167436468526362,0.8071697651663405,69,926
p0135,35.0,80.0,1.0,2,0.46788990825688076,0.7243243243243244,0.20987654320987653,1.6972477064220184,0.2333709909707909,0.6249305555555555,0.8208978256863829,109,926
p0136,36.5,72.5,1.0,2,0.21428571428571427,0.94,0.04918032786885246,3.5714285714285716,-0.0008199165175909362,0.8882187608771319,0.9788387635756057,56,926
p0137,36.5,74.0,1.0,2,0.6402116402116402,0.550185873605948,0.3590504451038576,1.4232804232804233,0.37965300565090904,0.4656304406053301,0.6465801018529881,189,926
p0138,36.5,75.5,1.0,2,0.6048780487804878,0.5474452554744526,0.3492957746478873,1.3365853658536586,0.35417585005464747,0.46708504711540555,0.6255179972152911,205,926
p0000,9.5,77.0,1.0,3,0.9685393258426966,0.37716763005780346,0.6104815864022662,1.5550561797752809,0.417252884558174,0.3191865600381953,0.436909021966678,445,926
p0001,9.5,78.5,1.0,3,0.875,0.5932203389830508,0.38443935926773454,2.1510416666666665,0.3798046997545053,0.533175355450237,0.6574324622166248,192,926
p0002,11.0,77.0,1.0,3,0.7837837837837838,0.7563025210084033,0.2283464566929134,3.2162162162162162,0.23119673325539233,0.6935356267864435,0.8240288164634908,111,926
p0003,11.0,78.5,1.0,3,0.7870967741935484,0.5807560137457045,0.3765432098765432,1.8774193548387097,0.42050770479512745,0.4959566080885893,0.663252537971197,155,926
p0004,12.5,75.5,1.0,3,0.9553191489361702,0.22852233676975944,0.7446102819237148,1.2382978723404254,0.6660890903641541,0.17714416824627494,0.2879098193878312,470,926
p0005,12.5,77.0,1.0,3,0.8070175438596491,0.5365239294710328,0.41723356009070295,1.7412280701754386,0.40163130660417684,0.4798807364768964,0.5959644522144522,228,926
p0006,12.5,78.5,1.0,3,0.8252427184466019,0.5607235142118863,0.40189125295508277,1.8786407766990292,0.39878462509687584,0.49306849660035257,0.6358404924977236,206,926
p0007,12.5,80.0,1.0,3,0.8641975308641975,0.6482412060301508,0.3333333333333333,2.45679012345679,0.33451058499825465,0.589447345305485,0.7097754790027865,162,926
p0008,14.0,75.5,1.0,3,0.9029126213592233,0.363013698630137,0.5961538461538461,1.4174757281553398,0.5843273053738618,0.3035703781512605,0.42239437109909744,309,926
p0009,14.0,77.0,1.0,3,0.9090909090909091,0.6021220159151194,0.3826530612244898,2.2848484848484847,0.4063505014808653,0.5298872649823736,0.672729671384025,165,926
p0010,14.0,78.5,1.0,3,0.7976878612716763,0.597667638483965,0.36507936507936506,1.9826589595375723,0.38118494840423456,0.525071275837491,0.6588989247513429,173,926
p0011,14.0,80.0,1.0,3,0.8018018018018018,0.509641873278237,0.43734643734643736,1.635135135135135,0.44275210360069167,0.43249632352941175,0.5843645940546104,222,926
p0012,15.5,74.0,1.0,3,0.9758064516129032,0.22103004291845493,0.7642105263157895,1.2526881720430108,0.7584070219248795,0.15495307102093792,0.3009982391413718,372,926
p0013,15.5,75.5,1.0,3,0.7940074906367042,0.472636815920398,0.4638949671772429,1.5056179775280898,0.43958639020221035,0.4080488154832127,0.5346108490566037,267,926
p0014,15.5,77.0,1.0,3,0.821656050955414,0.6324786324786325,0.3403693931398417,2.2356687898089174,0.3572907932947245,0.5634674922600619,0.7016928139083212,157,926
p0015,15.5,78.5,1.0,3,0.810126582278481,0.4666666666666667,0.4740740740740741,1.518987341772152,0.48391604000188393,0.4089561259307353,0.5272521399296362,237,926
p0016,15.5,80.0,1.0,3,0.8031088082901554,0.5171339563862928,0.43175487465181056,1.6632124352331605,0.46342932130501224,0.44662584476968364,0.588568928422337,193,926
p0017,17.0,74.0,1.0,3,0.9444444444444444,0.3250620347394541,0.649164677804296,1.3993055555555556,0.666153265086894,0.24294604223970145,0.43133281573498966,288,926
p0018,17.0,75.5,1.0,3,0.7857142857142857,0.5483870967741935,0.402088772845953,1.739795918367347,0.4167771390852334,0.4787222025495751,0.6154527559055117,196,926
p0019,17.0,77.0,1.0,3,0.8606965174129353,0.5311653116531165,0.4357682619647355,1.835820895522388,0.45340226940935274,0.4630086886790249,0.6106596526009868,201,926
p0020,17.0,78.5,1.0,3,0.7340425531914894,0.5306122448979592,0.4011627906976744,1.5638297872340425,0.43191537517719514,0.46492817606747494,0.5973291695526524,188,926
p0021,17.0,80.0,1.0,3,0.8,0.5031847133757962,0.44192634560906513,1.6102564102564103,0.47711208057923493,0.4382709901136196,0.5709781613895705,195,926
p0022,17.0,81.5,1.0,3,0.8308457711442786,0.5437158469945356,0.4175,1.8208955223880596,0.4290757058558916,0.4906084879877144,0.5981986147933493,201,926
p0023,18.5,74.0,1.0,3,0.8312236286919831,0.3706070287539936,0.5580736543909348,1.3206751054852321,0.5997761388382492,0.29050325754553913,0.4604800030942987,237,926
p0024,18.5,75.5,1.0,3,0.8837209302325582,0.5824175824175825,0.3958333333333333,2.116279069767442,0.42112524250916145,0.5119906976744186,0.6487768817204301,172,926
p0025,18.5,77.0,1.0,3,0.828125,0.5077399380804953,0.44662921348314605,1.6822916666666667,0.48301583073077553,0.4327406353722143,0.5934151785714286,192,926
p0026,18.5,78.5,1.0,3,0.8103448275862069,0.562111801242236,0.3971830985915493,1.8505747126436782,0.4293168989747725,0.5019575522516699,0.632267939433838,174,926
p0027,18.5,80.0,1.0,3,0.7963636363636364,0.35964912280701755,0.550251256281407,1.2436363636363637,0.5674952119026621,0.2953305936846862,0.4371295044319962,275,926
p0028,18.5,81.5,1.0,3,0.8615916955017301,0.3631713554987212,0.5777262180974478,1.3529411764705883,0.5825129681283783,0.2875302436371139,0.45609425287356314,289,926
p0029,18.5,83.0,1.0,3,0.8454935622317596,0.541860465116279,0.4227467811158798,1.8454935622317596,0.39768061553639394,0.48026250780112334,0.6044295606795607,233,926
p0030,20.0,72.5,1.0,3,0.9822064056939501,0.2831168831168831,0.7076923076923077,1.3701067615658362,0.736318084856599,0.20695120921654198,0.37315101807257645,281,926
p0031,20.0,74.0,1.0,3,0.8844221105527639,0.4394904458598726,0.5222551928783383,1.5778894472361809,0.5741203087417801,0.3730407523510972,0.5061829922027291,199,926
p0032,20.0,75.5,1.0,3,0.8814432989690721,0.4483870967741935,0.5135135135135135,1.597938144329897,0.5669699558922014,0.3788499172894573,0.5197138511601584,194,926
p0033,20.0,77.0,1.0,3,0.8660714285714286,0.3801916932907348,0.565597667638484,1.3973214285714286,0.6135593410225242,0.30821237412682573,0.46831471110125317,224,926
p0034,20.0,78.5,1.0,3,0.773109243697479,0.39672131147540984,0.5125348189415042,1.281512605042017,0.5468881942075506,0.3215092738513759,0.4879056451612903,238,926
p0035,20.0,80.0,1.0,3,0.8380281690140845,0.29793510324483774,0.6181818181818182,1.193661971830986,0.6458347426537547,0.23680747922437673,0.37750768358274484,284,926
p0036,20.0,81.5,1.0,3,0.9047619047619048,0.5464190981432361,0.43291139240506327,1.9947089947089947,0.4564503026650245,0.47575089126559716,0.6366951690044612,189,926
p0037,20.0,83.0,1.0,3,0.8178438661710037,0.3854748603351955,0.5405405405405406,1.3308550185873607,0.5537038850715725,0.3314041962357297,0.46220996100611256,269,926
p0038,20.0,84.5,1.0,3,0.7684563758389261,0.3893333333333333,0.5157657657657657,1.2583892617449663,0.5018989336949397,0.33148106388043247,0.4590409836065574,298,926
p0039,20.0,86.0,1.0,3,0.9246231155778895,0.547911547911548,0.43601895734597157,2.0452261306532664,0.44788436004709775,0.49338509241392703,0.6174505812887373,199,926
p0040,21.5,69.5,1.0,3,0.9481481481481482,0.5601374570446735,0.42953020134228187,2.1555555555555554,0.5016872107525656,0.46885833831440527,0.6557870402318681,135,926
p0041,21.5,71.0,1.0,3,0.74375,0.37037037037037035,0.5173913043478261,1.18125,0.6087234577112534,0.2956593927893738,0.45677658839779,160,926
p0042,21.5,72.5,1.0,3,0.9095022624434389,0.2972027972027972,0.6568627450980392,1.2941176470588236,0.716588451336462,0.2328227823111345,0.36666666666666664,221,926
p0043,21.5,74.0,1.0,3,0.9333333333333333,0.47003154574132494,0.5106382978723404,1.761111111111111,0.5692425932239629,0.3874681886227545,0.564311151576618,180,926
p0044,21.5,75.5,1.0,3,0.9104477611940298,0.44879518072289154,0.5228571428571429,1.6517412935323383,0.5705510227884941,0.3790816222394579,0.5259356725146198,201,926
p0045,21.5,77.0,1.0,3,0.8488372093023255,0.288961038961039,0.6311239193083573,1.193798449612403,0.6754329276975147,0.2192434262570009,0.3732407407407407,258,926
p0046,21.5,78.5,1.0,3,0.7985865724381626,0.28253968253968254,0.6075268817204301,1.1130742049469964,0.6399171145640791,0.21336128787559527,0.3626898724183667,283,926
p0047,21.5,80.0,1.0,3,0.8565737051792829,0.33229813664596275,0.6005586592178771,1.2828685258964143,0.6410988903765781,0.2541395433568132,0.42324416460848086,251,926
p0048,21.5,81.5,1.0,3,0.8311688311688312,0.4,0.5348189415041783,1.3852813852813852,0.5732671791956643,0.3343970123876609,0.48618291033908884,231,926
p0049,21.5,83.0,1.0,3,0.8353413654618473,0.3619631901840491,0.5667574931880109,1.3092369477911647,0.6021799395842228,0.30180697384806976,0.4346328161007835,249,926
p0050,21.5,84.5,1.0,3,0.8021201413427562,0.3495702005730659,0.5604938271604938,1.2332155477031803,0.5748546549118128,0.28306666666666663,0.4419219367588933,283,926
p0051,21.5,86.0,1.0,3,0.807799442896936,0.2839506172839506,0.6118143459915611,1.128133704735376,0.5910855968934947,0.22572561997998758,0.3515734375,359,926
p0052,23.0,69.5,1.0,3,0.7876106194690266,0.5435897435897435,0.4063926940639269,1.7256637168141593,0.5007837835596215,0.44746495121522006,0.6436250805931657,113,926
p0053,23.0,71.0,1.0,3,0.782608695652174,0.39664804469273746,0.5167464114832536,1.2971014492753623,0.6169133850527161,0.31292142407623846,0.4844814605684171,138,926
p0054,23.0,72.5,1.0,3,0.806060606060606,0.3383084577114428,0.5708154506437768,1.2181818181818183,0.6602906972478411,0.2666602316602317,0.42391648321408915,165,926
p0055,23.0,74.0,1.0,3,0.8813559322033898,0.43272727272727274,0.527027027027027,1.5536723163841808,0.5963910560955411,0.34479720492176824,0.5336172408826871,177,926
p0056,23.0,75.5,1.0,3,0.8009478672985783,0.38095238095238093,0.5365079365079365,1.2938388625592416,0.5939791818078072,0.304635761589404,0.46479063570612866,211,926
p0057,23.0,77.0,1.0,3,0.80078125,0.2979452054794521,0.597667638483965,1.140625,0.6429944348836689,0.23754139879212938,0.3629215542521994,256,926
p0058,23.0,78.5,1.0,3,0.8451882845188284,0.2912280701754386,0.6273291925465838,1.1924686192468619,0.6815991105864284,0.2135425295735445,0.3776032877365046,239,926
p0059,23.0,80.0,1.0,3,0.8828828828828829,0.3287671232876712,0.6163522012578616,1.3153153153153154,0.6737892560551635,0.25096230613179765,0.4143477001086563,222,926
p0060,23.0,81.5,1.0,3,0.8362989323843416,0.32857142857142857,0.5934343434343434,1.2455516014234875,0.6153671511792903,0.2539128974473802,0.41424308418672695,281,926
p0061,23.0,83.0,1.0,3,0.8292682926829268,0.2631578947368421,0.6397849462365591,1.1254355400696865,0.6729967479931903,0.20292198539007303,0.3415651356516681,287,926
p0062,23.0,84.5,1.0,3,0.809375,0.29427792915531337,0.6051401869158879,1.146875,0.6100149022383262,0.22688435162094764,0.3684210526315789,320,926
p0063,23.0,86.0,1.0,3,0.7876712328767124,0.3333333333333333,0.5651105651105651,1.1815068493150684,0.577987651332966,0.2621050763223287,0.418303077907721,292,926
p0064,23.0,87.5,1.0,3,0.8576051779935275,0.3358395989974937,0.5981941309255079,1.2912621359223302,0.5970231721210877,0.27740163368614823,0.4038931134741679,309,926
p0065,24.5,69.5,1.0,3,0.4788732394366197,0.43333333333333335,0.35051546391752575,0.8450704225352113,0.48275495185572675,0.2726255088195387,0.6086956521739131,71,926
p0066,24.5,71.0,1.0,3,0.6161616161616161,0.35106382978723405,0.4621212121212121,0.9494949494949495,0.5893595492985897,0.25625,0.4839363557105492,99,926
p0067,24.5,72.5,1.0,3,0.7415730337078652,0.2864864864864865,0.5714285714285714,1.0393258426966292,0.660815900665241,0.20212765957446807,0.37581131078224095,178,926
p0068,24.5,74.0,1.0,3,0.7816091954022989,0.38181818181818183,0.5271317829457365,1.264367816091954,0.6081225458228691,0.31535176255093267,0.46486605026078714,174,926
p0069,24.5,75.5,1.0,3,0.8125,0.44680851063829785,0.49056603773584906,1.46875,0.5697766459028806,0.377743979721166,0.5320687263857669,160,926
p0070,24.5,77.0,1.0,3,0.7853881278538812,0.3254901960784314,0.5695364238410596,1.1643835616438356,0.6321286907839649,0.266015625,0.39041258969341164,219,926
p0071,24.5,78.5,1.0,3,0.8735632183908046,0.4349442379182156,0.5223367697594502,1.5459770114942528,0.5934568517337006,0.34857492354740066,0.5263352346383199,174,926
p0072,24.5,80.0,1.0,3,0.847926267281106,0.326007326007326,0.6013071895424836,1.2580645161290323,0.6630296667044485,0.2619012605042017,0.41238574230977915,217,926
p0073,24.5,81.5,1.0,3,0.8669950738916257,0.3888888888888889,0.5587301587301587,1.4187192118226601,0.6188939355358295,0.3178538580984233,0.48373561381074165,203,926
p0074,24.5,83.0,1.0,3,0.8441558441558441,0.34121621621621623,0.5873493975903614,1.2813852813852813,0.6388270462633452,0.2781850459482038,0.41544941229179844,231,926
p0075,24.5,84.5,1.0,3,0.8551401869158879,0.4115755627009646,0.5350877192982456,1.4532710280373833,0.5829561355306168,0.3469336478309917,0.49251977054189255,214,926
p0076,24.5,86.0,1.0,3,0.8223140495867769,0.3987915407854985,0.5320855614973262,1.3677685950413223,0.5624929129521536,0.3392365051651389,0.4685197336444055,242,926
p0077,24.5,87.5,1.0,3,0.851063829787234,0.47780678851174935,0.4784688995215311,1.6297872340425532,0.4853693232515334,0.41645269661475093,0.5335195530726257,235,926
p0078,24.5,92.0,1.0,3,0.9080459770114943,0.2418426103646833,0.7040998217468806,1.1977011494252874,0.6441643942164792,0.1979341473034997,0.29343788889243433,435,926
p0079,24.5,93.5,1.0,3,0.9014084507042254,0.4052044609665427,0.5584642233856894,1.5154929577464789,0.47345922353226744,0.3526293487957181,0.46689960358141497,355,926
p0080,26.0,71.0,1.0,3,0.5851063829787234,0.36046511627906974,0.44,0.9148936170212766,0.5693366641862443,0.23903452685421997,0.5102267573696145,94,926
p0081,26.0,72.5,1.0,3,0.6086956521739131,0.5130434782608696,0.3708609271523179,1.25,0.48411348682281463,0.4158269004866588,0.6240249999999999,92,926
p0082,26.0,74.0,1.0,3,0.7706422018348624,0.4878048780487805,0.4444444444444444,1.5045871559633028,0.5520304451590907,0.40684742647058825,0.5826118235846105,109,926
p0083,26.0,75.5,1.0,3,0.7485714285714286,0.3640776699029126,0.524,1.177142857142857,0.6074398124728363,0.2850206437478935,0.4434640522875817,175,926
p0084,26.0,77.0,1.0,3,0.8238636363636364,0.4057377049180328,0.5272727272727272,1.3863636363636365,0.6027482246099422,0.3375488834002264,0.49427972929423136,176,926
p0085,26.0,78.5,1.0,3,0.8164251207729468,0.324,0.5868055555555556,1.2077294685990339,0.6553012055730382,0.26210426340227944,0.3828028980248985,207,926
p0086,26.0,80.0,1.0,3,0.768361581920904,0.46875,0.45791245791245794,1.4463276836158192,0.5195950169817036,0.4131253429668923,0.5261097019657578,177,926
p0087,26.0,81.5,1.0,3,0.9085365853658537,0.4753521126760563,0.4983277591973244,1.7317073170731707,0.5682259027156072,0.4006843645105688,0.5591017316017316,164,926
p0088,26.0,83.0,1.0,3,0.8533333333333334,0.5524475524475524,0.4155844155844156,1.9066666666666667,0.4757435458708671,0.48523386767176785,0.6268140570862895,150,926
p0089,26.0,84.5,1.0,3,0.8294117647058824,0.5523809523809524,0.40988372093023256,1.8529411764705883,0.4503727961170726,0.47964618509079326,0.6364093193238921,170,926
p0090,26.0,86.0,1.0,3,0.8733624454148472,0.42028985507246375,0.5347593582887701,1.5065502183406114,0.5686266110507237,0.36031804371263354,0.48773193176717045,229,926
p0091,26.0,87.5,1.0,3,0.8237704918032787,0.464,0.48086124401913877,1.5368852459016393,0.4850202719672778,0.39343276058560533,0.5433182072347197,244,926
p0092,26.0,90.5,1.0,3,0.938337801608579,0.31773879142300193,0.6529850746268657,1.3753351206434317,0.6065317610077261,0.26625031376814623,0.3656051562103124,373,926
p0093,26.0,92.0,1.0,3,0.9437869822485208,0.39122137404580154,0.5874769797421732,1.5502958579881656,0.5328162022397002,0.3309295870390302,0.4502109426657595,338,926
p0094,26.0,93.5,1.0,3,0.9225589225589226,0.4689922480620155,0.5083487940630798,1.7373737373737375,0.4502099324720949,0.43235561544612927,0.5058952575545758,297,926
p0095,26.0,95.0,1.0,3,0.7417355371900827,0.18223234624145787,0.6365248226950354,0.9070247933884298,0.5582739571747032,0.14193181386334272,0.23295098039215686,484,926
p0096,27.5,69.5,1.0,3,0.4,0.5769230769230769,0.25882352941176473,0.9454545454545454,0.3751419206957863,0.42424242424242425,0.75,55,926
p0097,27.5,71.0,1.0,3,0.45,0.45454545454545453,0.32727272727272727,0.825,0.45020700279213066,0.3555128205128205,0.5625,80,926
p0098,27.5,72.5,1.0,3,0.5384615384615384,0.5882352941176471,0.30434782608695654,1.3076923076923077,0.4103788602355938,0.5172413793103449,0.6666666666666666,78,926
p0099,27.5,74.0,1.0,3,0.5664335664335665,0.4489795918367347,0.3875598086124402,1.027972027972028,0.47669295093113406,0.3630433917197452,0.5468823702830189,143,926
p0100,27.5,75.5,1.0,3,0.7300613496932515,0.4386792452830189,0.46484375,1.3006134969325154,0.5438882856711417,0.35645446186604723,0.5294117647058824,163,926
p0101,27.5,77.0,1.0,3,0.7263157894736842,0.4177215189873418,0.47750865051903113,1.2473684210526317,0.542067583234537,0.3451389569409874,0.5,190,926
p0102,27.5,78.5,1.0,3,0.8068181818181818,0.4474708171206226,0.4879725085910653,1.4602272727272727,0.5556307046190909,0.38734764992788484,0.5113672496025436,176,926
p0103,27.5,80.0,1.0,3,0.8571428571428571,0.49825783972125437,0.4630225080385852,1.7083333333333333,0.5240290798958442,0.4204380623642569,0.5752150503377087,168,926
p0104,27.5,81.5,1.0,3,0.8409090909090909,0.4896551724137931,0.46540880503144655,1.6477272727272727,0.5221530130283272,0.40823370786516855,0.5673779972982101,176,926
p0105,27.5,83.0,1.0,3,0.8633540372670807,0.5642633228840125,0.40762463343108507,1.9813664596273293,0.4526834463749627,0.4865993562339687,0.6443111078688843,161,926
p0106,27.5,84.5,1.0,3,0.9359605911330049,0.5432692307692307,0.4428904428904429,2.0492610837438425,0.45259684688027146,0.4880391386870868,0.6087189025807952,203,926
p0107,27.5,92.0,1.0,3,0.9104166666666667,0.2704507512520868,0.6806853582554517,1.2479166666666666,0.5524080789599023,0.22058151501885517,0.32378609871459224,480,926
p0108,27.5,93.5,1.0,3,0.9791183294663574,0.44836601307189544,0.5452196382428941,1.7749419953596288,0.2725357425022207,0.3873849568993454,0.5099374090804686,431,926
p0109,27.5,95.0,1.0,3,0.9011764705882352,0.2959558823529412,0.6535836177474402,1.28,0.5677613395448087,0.25044561243144425,0.34388088634285324,425,926
p0110,27.5,96.5,1.0,3,0.9250645994832042,0.38803418803418804,0.5830618892508144,1.5116279069767442,0.4700077356119853,0.3419615306694926,0.43889452644526444,387,926
p0111,29.0,72.5,1.0,3,0.5180722891566265,0.5520833333333334,0.3161764705882353,1.1566265060240963,0.4251825548331976,0.4544976076555024,0.653858024691358,83,926
p0112,29.0,74.0,1.0,3,0.6274509803921569,0.5259259259259259,0.3699421965317919,1.3235294117647058,0.47408843175873533,0.4344759528130671,0.6060815047021944,102,926
p0113,29.0,75.5,1.0,3,0.6617647058823529,0.53125,0.37815126050420167,1.411764705882353,0.4550862014123036,0.44869909502262445,0.6187642045454546,136,926
p0114,29.0,77.0,1.0,3,0.7597402597402597,0.5393700787401575,0.4020618556701031,1.6493506493506493,0.46215985259166287,0.47169495803622136,0.610224243001333,154,926
p0115,29.0,78.5,1.0,3,0.9032258064516129,0.4206896551724138,0.5454545454545454,1.5591397849462365,0.6105690666153994,0.3499912587412587,0.49828786911169903,186,926
p0116,29.0,80.0,1.0,3,0.8530612244897959,0.3279742765273312,0.6023054755043228,1.2693877551020407,0.6474483123934383,0.26370535714285714,0.40570544757733373,245,926
p0117,29.0,95.0,1.0,3,0.9495967741935484,0.2820121951219512,0.6916299559471366,1.3225806451612903,0.5325480769230769,0.23460320046341554,0.3359627730113123,496,926
p0118,29.0,96.5,1.0,3,0.9175627240143369,0.5444839857651246,0.4376068376068376,2.014336917562724,0.345069544467614,0.48775510204081635,0.597606805311089,279,926
p0119,30.5,74.0,1.0,3,0.7045454545454546,0.6331360946745562,0.31794871794871793,1.9204545454545454,0.40857096207224425,0.5510089429030038,0.7215749353101615,88,926
p0120,30.5,75.5,1.0,3,0.726027397260274,0.5470085470085471,0.38686131386861317,1.6027397260273972,0.4513598916600835,0.47951194475550574,0.6111370716510903,146,926
p0121,30.5,77.0,1.0,3,0.7959183673469388,0.40229885057471265,0.5182724252491694,1.3316326530612246,0.5815439274472528,0.34582386363636364,0.4645710131669226,196,926
p0122,30.5,78.5,1.0,3,0.8553191489361702,0.45231607629427795,0.5012468827930174,1.5617021276595744,0.5189135551041402,0.39527664954138314,0.5188697112635792,235,926
p0123,30.5,80.0,1.0,3,0.5710900473933649,0.22258064516129034,0.4908350305498982,0.7345971563981043,0.4437663386129479,0.14609536649790886,0.32932403772392943,422,926
p0124,32.0,75.5,1.0,3,0.8617021276595744,0.43356643356643354,0.5192307692307693,1.5212765957446808,0.5808538631453161,0.37052087634186626,0.489662789087384,188,926
p0125,32.0,77.0,1.0,3,0.9597523219814241,0.40038684719535783,0.5849056603773585,1.6006191950464397,0.5410243816716157,0.3314388497039359,0.47045788770053476,323,926
p0126,32.0,78.5,1.0,3,0.9112426035502958,0.6467889908256881,0.34146341463414637,2.5798816568047336,0.33386458429208793,0.5818172407302842,0.7188325498449827,169,926
p0127,33.5,74.0,1.0,3,0.7769230769230769,0.3970149253731343,0.5139949109414759,1.2884615384615385,0.5305730286381612,0.3377903033043703,0.4566006899342007,260,926
p0128,33.5,75.5,1.0,3,0.8838174273858921,0.5023364485981309,0.46710526315789475,1.7759336099585061,0.45542330795405594,0.43717025990165886,0.5629333289557203,241,926
p0129,33.5,77.0,1.0,3,0.5266666666666666,0.5706521739130435,0.30980392156862746,1.2266666666666666,0.35857432974921677,0.4810793705097503,0.655937697659709,150,926
p0130,33.5,78.5,1.0,3,0.7872340425531915,0.6877637130801688,0.28793774319066145,2.521276595744681,0.3530902844054209,0.6060406698564593,0.7623016318586721,94,926
p0131,35.0,74.0,1.0,3,0.7817258883248731,0.624390243902439,0.33995584988962474,2.081218274111675,0.30875164152573265,0.5580152505446623,0.6876641771825908,197,926
p0132,35.0,75.5,1.0,3,0.7967914438502673,0.5861111111111111,0.3743718592964824,1.9251336898395721,0.3799807465809047,0.5318856296908352,0.6419132053291535,187,926
p0133,35.0,77.0,1.0,3,0.6896551724137931,0.8697068403908795,0.12307692307692308,5.293103448275862,0.12721825000496068,0.8167159198686068,0.9155484671564769,58,926
p0134,35.0,78.5,1.0,3,0.6231884057971014,0.7700534759358288,0.20187793427230047,2.710144927536232,0.25481656804733727,0.6967534873583261,0.8475744828650817,69,926
p0135,35.0,80.0,1.0,3,0.44036697247706424,0.7512953367875648,0.1889763779527559,1.7706422018348624,0.19708053776023032,0.6515701593137255,0.8438202711640211,109,926
p0136,36.5,72.5,1.0,3,0.17857142857142858,0.9504950495049505,0.04032258064516129,3.607142857142857,-0.018975051321410738,0.9081443688586546,0.9852216748768473,56,926
p0137,36.5,74.0,1.0,3,0.582010582010582,0.5801526717557252,0.3225806451612903,1.3862433862433863,0.32858532910637495,0.49289130793336633,0.6666666666666666,189,926
p0138,36.5,75.5,1.0,3,0.5658536585365853,0.5703703703703704,0.3231197771587744,1.3170731707317074,0.31636639829864804,0.48821248196248196,0.6479436636260424,205,926
p0000,9.5,77.0,1.0,4,0.9797752808988764,0.3884992987377279,0.6038781163434903,1.602247191011236,0.39498969703338527,0.33377907212728825,0.44722389558232933,445,926
p0001,9.5,78.5,1.0,4,0.8177083333333334,0.6104218362282878,0.3584474885844749,2.0989583333333335,0.3432756714737846,0.5416335574572126,0.6775424498746867,192,926
p0002,11.0,77.0,1.0,4,0.7207207207207207,0.7790055248618785,0.2035623409669211,3.2612612612612613,0.18956810594071033,0.7062104209349972,0.8463930286981155,111,926
p0003,11.0,78.5,1.0,4,0.7870967741935484,0.6,0.3609467455621302,1.967741935483871,0.3964696297637368,0.5263157894736842,0.6785834942084942,155,926
p0004,12.5,75.5,1.0,4,0.9404255319148936,0.24315068493150685,0.7222222222222222,1.2425531914893617,0.6313728796095953,0.18870468234203974,0.30864197530864196,470,926
p0005,12.5,77.0,1.0,4,0.7456140350877193,0.5290858725761773,0.40572792362768495,1.5833333333333333,0.3944978702619236,0.4654162377030428,0.5982196857783416,228,926
p0006,12.5,78.5,1.0,4,0.7912621359223301,0.5653333333333334,0.38995215311004783,1.8203883495145632,0.38428603463831074,0.49343206247720395,0.6369834815114165,206,926
p0007,12.5,80.0,1.0,4,0.8024691358024691,0.6505376344086021,0.3217821782178218,2.2962962962962963,0.3215137609772273,0.5923677450170401,0.7084554750426685,162,926
p0008,14.0,75.5,1.0,4,0.8867313915857605,0.35377358490566035,0.5969498910675382,1.372168284789644,0.5889145385697077,0.2926223806625511,0.4139110484562014,309,926
p0009,14.0,77.0,1.0,4,0.8545454545454545,0.6094182825484764,0.36623376623376624,2.187878787878788,0.3859316312719801,0.5434688905547226,0.683340395480226,165,926
p0010,14.0,78.5,1.0,4,0.7630057803468208,0.5938461538461538,0.36065573770491804,1.8786127167630058,0.37859121646811855,0.5193014865957578,0.6640071428571429,173,926
p0011,14.0,80.0,1.0,4,0.7882882882882883,0.5056497175141242,0.43640897755610975,1.5945945945945945,0.4437107921318448,0.4356194586204464,0.5735959363618938,222,926
p0012,15.5,74.0,1.0,4,0.9731182795698925,0.22317596566523606,0.7605042016806722,1.2526881720430108,0.7540928616021095,0.1554872484300919,0.30388232758620687,372,926
p0013,15.5,75.5,1.0,4,0.8052434456928839,0.47174447174447176,0.4684095860566449,1.5243445692883895,0.44456298889342305,0.4106697939504885,0.5267175572519084,267,926
p0014,15.5,77.0,1.0,4,0.7707006369426752,0.6420118343195266,0.3235294117647059,2.1528662420382165,0.33488720694530405,0.5749982970027248,0.712032902722386,157,926
p0015,15.5,78.5,1.0,4,0.7426160337552743,0.5028248587570622,0.42409638554216866,1.4936708860759493,0.41678130023453763,0.4447253119168709,0.56928314863733,237,926
p0016,15.5,80.0,1.0,4,0.7150259067357513,0.5660377358490566,0.3699731903485255,1.6476683937823835,0.37903423715464646,0.48453205541237115,0.6421846928570797,193,926
p0017,17.0,74.0,1.0,4,0.9409722222222222,0.32587064676616917,0.6467780429594272,1.3958333333333333,0.6635934293597259,0.23930395913154534,0.41939728353140915,288,926
p0018,17.0,75.5,1.0,4,0.75,0.5434782608695652,0.39622641509433965,1.6428571428571428,0.41313475402043887,0.46684174586544935,0.6171446963336132,196,926
p0019,17.0,77.0,1.0,4,0.8059701492537313,0.5317919075144508,0.42077922077922075,1.7213930348258706,0.4379936314400022,0.4556952347772229,0.6099797304173781,201,926
p0020,17.0,78.5,1.0,4,0.7287234042553191,0.5448504983388704,0.38920454545454547,1.601063829787234,0.4138170640505479,0.48511179011076183,0.6098484848484849,188,926
p0021,17.0,80.0,1.0,4,0.7948717948717948,0.5216049382716049,0.4258241758241758,1.6615384615384616,0.4536549286629742,0.4592062875139237,0.5891803294802233,195,926
p0022,17.0,81.5,1.0,4,0.835820895522388,0.5447154471544715,0.417910447761194,1.835820895522388,0.42900058500798455,0.4853408708955829,0.6061409047314578,201,926
p0023,18.5,74.0,1.0,4,0.8185654008438819,0.38801261829652994,0.5388888888888889,1.3375527426160339,0.5762434320433582,0.3165675152185944,0.466864435872187,237,926
p0024,18.5,75.5,1.0,4,0.8604651162790697,0.5710144927536231,0.4010840108401084,2.005813953488372,0.4316367736667574,0.49696583671105965,0.6469043369906121,172,926
p0025,18.5,77.0,1.0,4,0.8541666666666666,0.5104477611940299,0.45179063360881544,1.7447916666666667,0.4872190159226629,0.4440711986082227,0.5838357635873291,192,926
p0026,18.5,78.5,1.0,4,0.8563218390804598,0.5484848484848485,0.4197183098591549,1.896551724137931,0.45787008616965647,0.48492306511645755,0.6127062948467058,174,926
p0027,18.5,80.0,1.0,4,0.7963636363636364,0.37606837606837606,0.538083538083538,1.2763636363636364,0.5497250572905081,0.30523042065663475,0.4593642336572438,275,926
p0028,18.5,81.5,1.0,4,0.8304498269896193,0.38461538461538464,0.5466970387243736,1.3494809688581315,0.5431230692180674,0.3138169014084507,0.46639871257040627,289,926
p0029,18.5,83.0,1.0,4,0.8412017167381974,0.5462962962962963,0.417910447761194,1.854077253218884,0.3900810175690869,0.4849515472386214,0.6074295513533556,233,926
p0030,20.0,72.5,1.0,4,0.9715302491103203,0.28157894736842104,0.7036082474226805,1.3523131672597866,0.7327903323748012,0.2058697684452754,0.3804623745819398,281,926
p0031,20.0,74.0,1.0,4,0.864321608040201,0.4504792332268371,0.5058823529411764,1.5728643216080402,0.554932510914407,0.3810421286031042,0.5266720430107527,199,926
p0032,20.0,75.5,1.0,4,0.8505154639175257,0.4745222929936306,0.48104956268221577,1.6185567010309279,0.5271389883411365,0.40430760018693773,0.5356015934233228,194,926
p0033,20.0,77.0,1.0,4,0.84375,0.380327868852459,0.5558823529411765,1.3616071428571428,0.6041323390352591,0.3018295011840195,0.4766382308193871,224,926
p0034,20.0,78.5,1.0,4,0.7689075630252101,0.3645833333333333,0.5335276967930029,1.2100840336134453,0.5766712001554339,0.29494841862359167,0.4537721185154627,238,926
p0035,20.0,80.0,1.0,4,0.8169014084507042,0.31563421828908556,0.5933503836317136,1.193661971830986,0.6169232930744694,0.24877566487529282,0.3929661468745835,284,926
p0036,20.0,81.5,1.0,4,0.9153439153439153,0.5336927223719676,0.4470284237726098,1.962962962962963,0.47620281136175,0.45832427536231884,0.6243826918041372,189,926
p0037,20.0,83.0,1.0,4,0.8066914498141264,0.38873239436619716,0.5331695331695332,1.3197026022304832,0.5451795860756811,0.331015102900002,0.46086075069508803,269,926
p0038,20.0,84.5,1.0,4,0.7718120805369127,0.38337801608579086,0.5215419501133787,1.2516778523489933,0.5103574095700159,0.3264838715357256,0.4505587204206836,298,926
p0039,20.0,86.0,1.0,4,0.8994974874371859,0.556930693069307,0.4221698113207547,2.030150753768844,0.4293813162435297,0.49665410921038083,0.625699578496638,199,926
p0040,21.5,69.5,1.0,4,0.9111111111111111,0.5591397849462365,0.422680412371134,2.066666666666667,0.494964841543466,0.466455215722476,0.6531048006391168,135,926
p0041,21.5,71.0,1.0,4,0.70625,0.3615819209039548,0.5044642857142857,1.10625,0.5975836067370861,0.2758475397132894,0.4490051020408163,160,926
p0042,21.5,72.5,1.0,4,0.8868778280542986,0.2846715328467153,0.6555183946488294,1.239819004524887,0.7171990915074927,0.21524006368589416,0.35885474174947857,221,926
p0043,21.5,74.0,1.0,4,0.9111111111111111,0.4793650793650794,0.4954682779456193,1.75,0.551723338261298,0.3940375302663438,0.5758874662168637,180,926
p0044,21.5,75.5,1.0,4,0.8656716417910447,0.45110410094637227,0.5058139534883721,1.5771144278606966,0.5530811903450548,0.38094184576485457,0.5253222304351843,201,926
p0045,21.5,77.0,1.0,4,0.8294573643410853,0.27946127946127947,0.6275659824046921,1.1511627906976745,0.6739418539528332,0.20567210180950488,0.3672820855614973,258,926
p0046,21.5,78.5,1.0,4,0.7314487632508834,0.32792207792207795,0.5390625,1.088339222614841,0.5605113986775282,0.2522373366744227,0.41696220368807313,283,926
p0047,21.5,80.0,1.0,4,0.8366533864541833,0.33962264150943394,0.584958217270195,1.2669322709163346,0.6243131531511907,0.2679050941160984,0.4328518352443789,251,926
p0048,21.5,81.5,1.0,4,0.8138528138528138,0.4050632911392405,0.5236768802228412,1.367965367965368,0.5607966049981971,0.32989690721649484,0.4948682946007339,231,926
p0049,21.5,83.0,1.0,4,0.8032128514056225,0.3902439024390244,0.5305039787798409,1.3172690763052208,0.5581656144361357,0.3205052610680961,0.46644250345166494,249,926
p0050,21.5,84.5,1.0,4,0.8091872791519434,0.3760217983651226,0.5439429928741093,1.2968197879858658,0.5489550406161683,0.3052325290661333,0.454585326953748,283,926
p0051,21.5,86.0,1.0,4,0.7799442896935933,0.3,0.5845511482254697,1.1142061281337048,0.5566435854622095,0.24267303532804613,0.36694677871148457,359,926
p0052,23.0,69.5,1.0,4,0.7168141592920354,0.5668449197860963,0.3698630136986301,1.654867256637168,0.45746333924886856,0.47846693143135033,0.657905701754386,113,926
p0053,23.0,71.0,1.0,4,0.7101449275362319,0.37579617834394907,0.49746192893401014,1.1376811594202898,0.6011364526318538,0.3061126998570129,0.455439379699248,138,926
p0054,23.0,72.5,1.0,4,0.7454545454545455,0.3626943005181347,0.5234042553191489,1.1696969696969697,0.6127519434840077,0.27141369047619046,0.47248578978859196,165,926
p0055,23.0,74.0,1.0,4,0.8813559322033898,0.43478260869565216,0.5252525252525253,1.5593220338983051,0.5942307333718697,0.34493398079441295,0.5296451711877561,177,926
p0056,23.0,75.5,1.0,4,0.8104265402843602,0.3713235294117647,0.5480769230769231,1.2890995260663507,0.6072895925696445,0.2959863636363636,0.4477131727023517,211,926
p0057,23.0,77.0,1.0,4,0.76953125,0.2783882783882784,0.5933734939759037,1.06640625,0.6429081518975771,0.22143419639661138,0.3361461251167134,256,926
p0058,23.0,78.5,1.0,4,0.8619246861924686,0.2847222222222222,0.6417445482866043,1.205020920502092,0.6960363991345501,0.20980994415420645,0.35849246592584594,239,926
p0059,23.0,80.0,1.0,4,0.8963963963963963,0.3432343234323432,0.6104294478527608,1.364864864864865,0.6655404444596125,0.2719856711714118,0.4306859654943596,222,926
p0060,23.0,81.5,1.0,4,0.8398576512455516,0.30791788856304986,0.6113989637305699,1.2135231316725978,0.6385918351416752,0.24216067379332684,0.39604488594554815,281,926
p0061,23.0,83.0,1.0,4,0.818815331010453,0.26332288401253917,0.633423180592992,1.1114982578397212,0.6668800423224441,0.20417097893583344,0.3333333333333333,287,926
p0062,23.0,84.5,1.0,4,0.809375,0.3,0.6009280742459396,1.15625,0.6039389267419307,0.2272677649861056,0.38034711115553776,320,926
p0063,23.0,86.0,1.0,4,0.773972602739726,0.3468208092485549,0.5485436893203883,1.1849315068493151,0.5569195624659141,0.2847676506903132,0.4325197600473726,292,926
p0064,23.0,87.5,1.0,4,0.8252427184466019,0.35443037974683544,0.5679287305122495,1.27831715210356,0.5594736558164171,0.29496723987309764,0.43041260289133293,309,926
p0065,24.5,69.5,1.0,4,0.49295774647887325,0.47761194029850745,0.33980582524271846,0.9436619718309859,0.4676091110472293,0.34372767857142855,0.6666666666666666,71,926
p0066,24.5,71.0,1.0,4,0.5454545454545454,0.4489795918367347,0.3776223776223776,0.98989898989899,0.49444846581359114,0.34505710734998224,0.5890586582367404,99,926
p0067,24.5,72.5,1.0,4,0.7191011235955056,0.30434782608695654,0.5470085470085471,1.0337078651685394,0.6360656710219942,0.2163429054054054,0.40442416997473835,178,926
p0068,24.5,74.0,1.0,4,0.7471264367816092,0.3925233644859813,0.5038759689922481,1.2298850574712643,0.5838436042918937,0.3151018814605488,0.4744203844328429,174,926
p0069,24.5,75.5,1.0,4,0.79375,0.42792792792792794,0.4980392156862745,1.3875,0.5807168225489225,0.3566913150645208,0.5054991883116883,160,926
p0070,24.5,77.0,1.0,4,0.7671232876712328,0.3170731707317073,0.5656565656565656,1.1232876712328768,0.6299923801735834,0.2684352225403436,0.37373124553465104,219,926
p0071,24.5,78.5,1.0,4,0.8850574712643678,0.42105263157894735,0.5384615384615384,1.528735632183908,0.6118041616910999,0.3371782792536079,0.503499018966645,174,926
p0072,24.5,80.0,1.0,4,0.8294930875576036,0.35018050541516244,0.5732484076433121,1.2764976958525345,0.6320449787382942,0.2782565950170982,0.44002941176470584,217,926
p0073,24.5,81.5,1.0,4,0.8620689655172413,0.3944636678200692,0.5520504731861199,1.4236453201970443,0.611267139284215,0.3206396584030482,0.4845020415409195,203,926
p0074,24.5,83.0,1.0,4,0.8225108225108225,0.32142857142857145,0.5919003115264797,1.2121212121212122,0.6471878217470465,0.2633641975308642,0.39351440392277043,231,926
p0075,24.5,84.5,1.0,4,0.8457943925233645,0.39867109634551495,0.5419161676646707,1.4065420560747663,0.592951830421017,0.3407926029194686,0.4772828733766234,214,926
p0076,24.5,86.0,1.0,4,0.8223140495867769,0.4006024096385542,0.5306666666666666,1.371900826446281,0.5605173176282777,0.337389933918099,0.47287446861715426,242,926
p0077,24.5,87.5,1.0,4,0.825531914893617,0.5,0.4522144522144522,1.651063829787234,0.44844349593702,0.43703128849470313,0.5664788053949904,235,926
p0078,24.5,92.0,1.0,4,0.9172413793103448,0.24431818181818182,0.7074468085106383,1.2137931034482758,0.6466286443806114,0.20133692032093656,0.30061564202668495,435,926
p0079,24.5,93.5,1.0,4,0.923943661971831,0.4036363636363636,0.5684575389948007,1.5492957746478873,0.48478537751659107,0.3505306099256645,0.4576868044515103,355,926
p0080,26.0,71.0,1.0,4,0.5212765957446809,0.3717948717948718,0.3983739837398374,0.8297872340425532,0.5261396326620934,0.24612745098039218,0.5168955472326259,94,926
p0081,26.0,72.5,1.0,4,0.6086956521739131,0.5333333333333333,0.358974358974359,1.3043478260869565,0.4685247256531521,0.436504329004329,0.6300394736842105,92,926
p0082,26.0,74.0,1.0,4,0.7155963302752294,0.5214723926380368,0.4020618556701031,1.4954128440366972,0.5034806645157115,0.4342089216944801,0.6351762089416058,109,926
p0083,26.0,75.5,1.0,4,0.72,0.3604060913705584,0.5121951219512195,1.1257142857142857,0.5966928230776489,0.28974766042780753,0.44551004228329805,175,926
p0084,26.0,77.0,1.0,4,0.7897727272727273,0.38222222222222224,0.5305343511450382,1.2784090909090908,0.6101065978379192,0.31983738687782803,0.45098305626598467,176,926
p0085,26.0,78.5,1.0,4,0.8067632850241546,0.332,0.5758620689655173,1.2077294685990339,0.643714691474653,0.27009587626446363,0.3958333333333333,207,926
p0086,26.0,80.0,1.0,4,0.7853107344632768,0.4774436090225564,0.45723684210526316,1.502824858757062,0.5165699532358394,0.42342251525719266,0.5405728437600947,177,926
p0087,26.0,81.5,1.0,4,0.9146341463414634,0.47735191637630664,0.4983388704318937,1.75,0.5677578905066617,0.39797761867905057,0.5724024161210091,164,926
p0088,26.0,83.0,1.0,4,0.84,0.5684931506849316,0.3987341772151899,1.9466666666666668,0.45307934297402486,0.5016592838685862,0.644945722970039,150,926
p0089,26.0,84.5,1.0,4,0.8,0.5526315789473685,0.40236686390532544,1.7882352941176471,0.4425742928323658,0.4797558922558922,0.6414698349459306,170,926
p0090,26.0,86.0,1.0,4,0.8253275109170306,0.42900302114803623,0.5094339622641509,1.445414847161572,0.5407371880467188,0.37022039340378443,0.5015115093580762,229,926
p0091,26.0,87.5,1.0,4,0.8155737704918032,0.47354497354497355,0.47044917257683216,1.5491803278688525,0.47019217998099655,0.3936897283906928,0.5574271855338995,244,926
p0092,26.0,90.5,1.0,4,0.9249329758713136,0.3181818181818182,0.6460674157303371,1.35656836461126,0.5990313372037078,0.26874478336747853,0.3731123481347474,373,926
p0093,26.0,92.0,1.0,4,0.9378698224852071,0.3961904761904762,0.5805860805860806,1.5532544378698225,0.5226567740715562,0.34181439393939395,0.45544103962925114,338,926
p0094,26.0,93.5,1.0,4,0.9090909090909091,0.47775628626692457,0.4963235294117647,1.7407407407407407,0.43196034620947193,0.4438073593073593,0.5151548233425962,297,926
p0095,26.0,95.0,1.0,4,0.7458677685950413,0.1832579185520362,0.6389380530973451,0.9132231404958677,0.5602997998230995,0.13958720698112131,0.23327085393861163,484,926
p0096,27.5,69.5,1.0,4,0.36363636363636365,0.48717948717948717,0.2702702702702703,0.7090909090909091,0.3957512627788385,0.3198947368421053,0.6764943074003795,55,926
p0097,27.5,71.0,1.0,4,0.4625,0.45588235294117646,0.3333333333333333,0.85,0.4568828863103164,0.35631790269248936,0.5652173913043478,80,926
p0098,27.5,72.5,1.0,4,0.5384615384615384,0.6379310344827587,0.27631578947368424,1.4871794871794872,0.3694753262188328,0.5401042780748664,0.7524025974025974,78,926
p0099,27.5,74.0,1.0,4,0.5594405594405595,0.47368421052631576,0.37209302325581395,1.062937062937063,0.4557636548859807,0.3737701057817708,0.5843475597304473,143,926
p0100,27.5,75.5,1.0,4,0.6625766871165644,0.46,0.4235294117647059,1.2269938650306749,0.49758985450545884,0.37444829530033197,0.5581768721997012,163,926
p0101,27.5,77.0,1.0,4,0.7263157894736842,0.4225941422594142,0.4742268041237113,1.2578947368421052,0.5376557431616596,0.35319928137092316,0.5026943644590703,190,926
p0102,27.5,78.5,1.0,4,0.8181818181818182,0.4646840148698885,0.47840531561461797,1.5284090909090908,0.541933695042567,0.4078884512236004,0.5261116779155548,176,926
p0103,27.5,80.0,1.0,4,0.8392857142857143,0.5035211267605634,0.4533762057877814,1.6904761904761905,0.5128246391522864,0.4212026515151515,0.5827224310776943,168,926
p0104,27.5,81.5,1.0,4,0.8522727272727273,0.47735191637630664,0.4792332268370607,1.6306818181818181,0.5394215688069475,0.39705170777988613,0.5555739514348786,176,926
p0105,27.5,83.0,1.0,4,0.8385093167701864,0.5659163987138264,0.40059347181008903,1.9316770186335404,0.44483423856587423,0.4848442643707268,0.6512403486548438,161,926
p0106,27.5,84.5,1.0,4,0.9113300492610837,0.5509708737864077,0.43023255813953487,2.0295566502463056,0.4359526425968007,0.49052019860076734,0.6177319416331832,203,926
p0107,27.5,92.0,1.0,4,0.9125,0.2638655462184874,0.6875981161695447,1.2395833333333333,0.5656476134354743,0.21745236146831892,0.3197065222362326,480,926
p0108,27.5,93.5,1.0,4,0.9814385150812065,0.4426877470355731,0.5514993481095176,1.7610208816705337,0.2884592188205021,0.39078814454290833,0.508352385979766,431,926
p0109,27.5,95.0,1.0,4,0.8847058823529412,0.286527514231499,0.6527777777777778,1.24,0.5728801988920715,0.23697561606726425,0.3351904140588367,425,926
p0110,27.5,96.5,1.0,4,0.8940568475452196,0.3908450704225352,0.5681444991789819,1.4677002583979328,0.45235193322209677,0.34291726651362464,0.4390505693965705,387,926
p0111,29.0,72.5,1.0,4,0.5301204819277109,0.580952380952381,0.3055555555555556,1.2650602409638554,0.4089034712558567,0.492742474916388,0.6637238938053097,83,926
p0112,29.0,74.0,1.0,4,0.6078431372549019,0.5507246376811594,0.34831460674157305,1.3529411764705883,0.4465603231523845,0.455530303030303,0.631578947368421,102,926
p0113,29.0,75.5,1.0,4,0.6617647058823529,0.5054945054945055,0.39473684210526316,1.338235294117647,0.4783396744011365,0.41269345238095234,0.6,136,926
p0114,29.0,77.0,1.0,4,0.7467532467532467,0.5247933884297521,0.4092526690391459,1.5714285714285714,0.4738636363636364,0.45420075519194464,0.6071524577572964,154,926
p0115,29.0,78.5,1.0,4,0.8494623655913979,0.4357142857142857,0.512987012987013,1.5053763440860215,0.5756912963257127,0.3539509251810137,0.511788851789419,186,926
p0116,29.0,80.0,1.0,4,0.8489795918367347,0.32903225806451614,0.5994236311239193,1.2653061224489797,0.6444659282379913,0.2637775051235034,0.4007750611665269,245,926
p0117,29.0,95.0,1.0,4,0.9435483870967742,0.28549618320610687,0.6852122986822841,1.3205645161290323,0.5214941860185643,0.2419100635877297,0.33796819877906026,496,926
p0118,29.0,96.5,1.0,4,0.8924731182795699,0.552158273381295,0.4249146757679181,1.992831541218638,0.32594467796493015,0.49390798468690184,0.6056133442882168,279,926
p0119,30.5,74.0,1.0,4,0.7159090909090909,0.6379310344827587,0.3165829145728643,1.9772727272727273,0.4059286374700455,0.5497156946304639,0.7319696529693626,88,926
p0120,30.5,75.5,1.0,4,0.6575342465753424,0.5675675675675675,0.35294117647058826,1.5205479452054795,0.40938741193865424,0.49764263008198095,0.6438030930886488,146,926
p0121,30.5,77.0,1.0,4,0.75,0.40963855421686746,0.49328859060402686,1.2704081632653061,0.5553484999777397,0.3402478932283869,0.476757399577167,196,926
p0122,30.5,78.5,1.0,4,0.8553191489361702,0.4654255319148936,0.4902439024390244,1.6,0.5025676877444958,0.40577875619152454,0.5326536791421735,235,926
p0123,30.5,80.0,1.0,4,0.580568720379147,0.21725239616613418,0.5,0.7417061611374408,0.4552130209058731,0.14603875160243296,0.3210332103321033,422,926
p0124,32.0,75.5,1.0,4,0.8138297872340425,0.45161290322580644,0.4872611464968153,1.4840425531914894,0.5448283863246401,0.389099654128837,0.5092035748180954,188,926
p0125,32.0,77.0,1.0,4,0.9256965944272446,0.402,0.5706106870229007,1.5479876160990713,0.5255045570692647,0.33331858407079645,0.4726910548226643,323,926
p0126,32.0,78.5,1.0,4,0.8816568047337278,0.6636568848758465,0.32181425485961124,2.621301775147929,0.30268743195084635,0.5999889380530973,0.7274834426970685,169,926
p0127,33.5,74.0,1.0,4,0.7538461538461538,0.3875,0.5104166666666666,1.2307692307692308,0.5303550232006043,0.32449417675268327,0.44575795172569366,260,926
p0128,33.5,75.5,1.0,4,0.8672199170124482,0.5070754716981132,0.4583333333333333,1.7593360995850622,0.444069592778218,0.4468523012840373,0.5647074062785736,241,926
p0129,33.5,77.0,1.0,4,0.47333333333333333,0.5506329113924051,0.29957805907172996,1.0533333333333332,0.3536129987216578,0.45451902748414374,0.6419855285749325,150,926
p0130,33.5,78.5,1.0,4,0.7340425531914894,0.7012987012987013,0.26953125,2.4574468085106385,0.32758366275502676,0.6243055555555556,0.7778033794162826,94,926
p0131,35.0,74.0,1.0,4,0.7868020304568528,0.6256038647342995,0.3399122807017544,2.1015228426395938,0.3078053989619291,0.5609107140607877,0.683436921449352,197,926
p0132,35.0,75.5,1.0,4,0.7486631016042781,0.5783132530120482,0.36939313984168864,1.7754010695187166,0.37907447829282936,0.5169432509913394,0.6379990275041768,187,926
p0133,35.0,77.0,1.0,4,0.7413793103448276,0.8594771241830066,0.13395638629283488,5.275862068965517,0.14636831494057725,0.7952700258757408,0.9144547624592455,58,926
p0134,35.0,78.5,1.0,4,0.6086956521739131,0.7454545454545455,0.21875,2.391304347826087,0.28370308487267554,0.6641975046681378,0.8250043706293706,69,926
p0135,35.0,80.0,1.0,4,0.44954128440366975,0.7307692307692307,0.2024793388429752,1.6697247706422018,0.2222551024848775,0.6363399621212121,0.8136442917547568,109,926
p0136,36.5,72.5,1.0,4,0.17857142857142858,0.9479166666666666,0.04201680672268908,3.4285714285714284,-0.01433622876470136,0.8967344452773613,0.9840528883254327,56,926
p0137,36.5,74.0,1.0,4,0.5396825396825397,0.5836734693877551,0.3072289156626506,1.2962962962962963,0.31135497972671483,0.48645118999596615,0.6801940735971808,189,926
p0138,36.5,75.5,1.0,4,0.5365853658536586,0.5769230769230769,0.30985915492957744,1.2682926829268293,0.299762338343776,0.5111478239642907,0.6498204738856728,205,926
p0000,9.5,77.0,1.0,5,0.9617977528089887,0.3868194842406877,0.5986013986013986,1.5685393258426967,0.3921243921518397,0.3296993074280855,0.4475820449297304,445,926
p0001,9.5,78.5,1.0,5,0.8229166666666666,0.6059850374064838,0.3632183908045977,2.0885416666666665,0.35084806673179225,0.5460776645668626,0.6716805311150216,192,926
p0002,11.0,77.0,1.0,5,0.7477477477477478,0.7668539325842697,0.21614583333333334,3.2072072072072073,0.21132395800911122,0.6916524869109948,0.8378514878514878,111,926
p0003,11.0,78.5,1.0,5,0.7870967741935484,0.5850340136054422,0.3730886850152905,1.896774193548387,0.41524917291472857,0.5129865608911713,0.6612919290579616,155,926
p0004,12.5,75.5,1.0,5,0.9553191489361702,0.2578512396694215,0.7172523961661342,1.2872340425531914,0.6159297012302285,0.19997685185185185,0.32580168625513545,470,926
p0005,12.5,77.0,1.0,5,0.7192982456140351,0.583756345177665,0.35807860262008734,1.7280701754385965,0.3130494463901814,0.5289672544080605,0.6473436308161709,228,926
p0006,12.5,78.5,1.0,5,0.7961165048543689,0.5626666666666666,0.3932853717026379,1.8203883495145632,0.38911516377840244,0.5,0.6326129025204449,206,926
p0007,12.5,80.0,1.0,5,0.8148148148148148,0.6597938144329897,0.3157894736842105,2.3950617283950617,0.3095821558547191,0.6055498385794995,0.7135220612178443,162,926
p0008,14.0,75.5,1.0,5,0.9061488673139159,0.36363636363636365,0.5970149253731343,1.4239482200647249,0.5849345672043903,0.298353723209714,0.42755381708427387,309,926
p0009,14.0,77.0,1.0,5,0.8303030303030303,0.6441558441558441,0.33171912832929784,2.3333333333333335,0.33139045127534333,0.5672916666666666,0.7131656235861861,165,926
p0010,14.0,78.5,1.0,5,0.791907514450867,0.6051873198847262,0.3577023498694517,2.005780346820809,0.36978570124329796,0.5382045502478119,0.6794367798665858,173,926
p0011,14.0,80.0,1.0,5,0.7567567567567568,0.5359116022099447,0.40384615384615385,1.6306306306306306,0.3957522049382196,0.4562552148518982,0.6119023277760302,222,926
p0012,15.5,74.0,1.0,5,0.9704301075268817,0.23516949152542374,0.7474120082815735,1.2688172043010753,0.7375039500343885,0.16663943355119826,0.3264418187981211,372,926
p0013,15.5,75.5,1.0,5,0.7790262172284644,0.4876847290640394,0.44731182795698926,1.5205992509363295,0.414405724493964,0.4182877972932235,0.5547280719689225,267,926
p0014,15.5,77.0,1.0,5,0.7452229299363057,0.6366459627329193,0.32320441988950277,2.050955414012739,0.33750138708000677,0.5756296125461254,0.7029728314128341,157,926
p0015,15.5,78.5,1.0,5,0.8270042194092827,0.46883468834688347,0.47804878048780486,1.5569620253164558,0.48695404530744335,0.4134560502283105,0.530192799453123,237,926
p0016,15.5,80.0,1.0,5,0.7305699481865285,0.555205047318612,0.3821138211382114,1.6424870466321244,0.39660129523461124,0.48052696078431373,0.6258386848618637,193,926
p0017,17.0,74.0,1.0,5,0.9583333333333334,0.33653846153846156,0.6448598130841121,1.4444444444444444,0.658607575287178,0.2563914027149321,0.42626498364659915,288,926
p0018,17.0,75.5,1.0,5,0.7755102040816326,0.5435435435435435,0.40318302387267907,1.6989795918367347,0.42015150924807554,0.4806370044510643,0.6068874267708148,196,926
p0019,17.0,77.0,1.0,5,0.8159203980099502,0.5327635327635327,0.422680412371134,1.7462686567164178,0.43947034184569655,0.4657190877218347,0.6069130914194065,201,926
p0020,17.0,78.5,1.0,5,0.7393617021276596,0.5472312703583062,0.3904494382022472,1.6329787234042554,0.4140573514746106,0.49121730707135935,0.6130447722567288,188,926
p0021,17.0,80.0,1.0,5,0.7487179487179487,0.5575757575757576,0.38522427440633245,1.6923076923076923,0.3963966988389985,0.48448610063437497,0.6291668985474984,195,926
p0022,17.0,81.5,1.0,5,0.8656716417910447,0.5561224489795918,0.4152744630071599,1.9502487562189055,0.4205611773179341,0.4971163744871317,0.6232331407968802,201,926
p0023,18.5,74.0,1.0,5,0.8227848101265823,0.4,0.5313351498637602,1.371308016877637,0.5652605892532523,0.3213061076298308,0.49175952077966417,237,926
p0024,18.5,75.5,1.0,5,0.8953488372093024,0.5722222222222222,0.4074074074074074,2.0930232558139537,0.4375582984446517,0.4999720357941834,0.6452045744486968,172,926
p0025,18.5,77.0,1.0,5,0.796875,0.5127388535031847,0.43342776203966005,1.6354166666666667,0.4677855049140755,0.44135582010582014,0.5907379782379782,192,926
p0026,18.5,78.5,1.0,5,0.8390804597701149,0.5589123867069486,0.40668523676880225,1.9022988505747127,0.44036749309106177,0.4875807763319852,0.6375253378378378,174,926
p0027,18.5,80.0,1.0,5,0.8072727272727273,0.37640449438202245,0.5427872860635696,1.2945454545454544,0.554287449872074,0.30513282324259117,0.448611247745532,275,926
p0028,18.5,81.5,1.0,5,0.8546712802768166,0.4033816425120773,0.5416666666666666,1.4325259515570934,0.5298990006947042,0.3260360484314805,0.4895034960333468,289,926
p0029,18.5,83.0,1.0,5,0.8154506437768241,0.5612009237875288,0.39915966386554624,1.8583690987124464,0.3617456101875461,0.5,0.6236336807554993,233,926
p0030,20.0,72.5,1.0,5,0.9679715302491103,0.27851458885941643,0.7046632124352331,1.3416370106761566,0.7343860867464787,0.20840760207190737,0.37084018218716425,281,926
p0031,20.0,74.0,1.0,5,0.8442211055276382,0.47987616099071206,0.4745762711864407,1.6231155778894473,0.514579305446736,0.4076403170736578,0.5461085185478131,199,926
p0032,20.0,75.5,1.0,5,0.8402061855670103,0.4673202614379085,0.4836795252225519,1.577319587628866,0.5319863363851838,0.3923845807218057,0.5348376623376623,194,926
p0033,20.0,77.0,1.0,5,0.8080357142857143,0.3885135135135135,0.5339233038348082,1.3214285714285714,0.5806736369055808,0.30883909668313336,0.4781496350364963,224,926
p0034,20.0,78.5,1.0,5,0.7478991596638656,0.4201954397394137,0.48501362397820164,1.2899159663865547,0.5118676402501269,0.3423383560551702,0.5144700358823803,238,926
p0035,20.0,80.0,1.0,5,0.795774647887324,0.31722054380664655,0.5809768637532133,1.1654929577464788,0.6043378193466533,0.2566070421400371,0.40194560544542624,284,926
p0036,20.0,81.5,1.0,5,0.8941798941798942,0.546916890080429,0.4300254452926209,1.9735449735449735,0.45331006963296416,0.4716981132075472,0.6455481214616572,189,926
p0037,20.0,83.0,1.0,5,0.8104089219330854,0.3806818181818182,0.5409429280397022,1.308550185873606,0.5558119635958203,0.3170731707317073,0.45884929154143406,269,926
p0038,20.0,84.5,1.0,5,0.761744966442953,0.39466666666666667,0.5089686098654709,1.2583892617449663,0.49263193711251996,0.33591490223302095,0.46430444555444556,298,926
p0039,20.0,86.0,1.0,5,0.8994974874371859,0.5623471882640587,0.4172494172494173,2.0552763819095476,0.4215768091028569,0.49484778508559824,0.6358187782828232,199,926
p0040,21.5,69.5,1.0,5,0.8962962962962963,0.5693950177935944,0.4101694915254237,2.0814814814814815,0.47914632805984236,0.4731555322975324,0.6590951178451178,135,926
p0041,21.5,71.0,1.0,5,0.66875,0.34355828220858897,0.49537037037037035,1.01875,0.591257724611036,0.2658130176590092,0.4312520048758581,160,926
p0042,21.5,72.5,1.0,5,0.8868778280542986,0.3194444444444444,0.6261980830670927,1.3031674208144797,0.6850871124701341,0.25787742396324587,0.38527479834785805,221,926
p0043,21.5,74.0,1.0,5,0.9166666666666666,0.46078431372549017,0.514018691588785,1.7,0.5749744024291212,0.37213300717381936,0.5523872180451128,180,926
p0044,21.5,75.5,1.0,5,0.8557213930348259,0.4707692307692308,0.4858757062146893,1.6169154228855722,0.5271613181978868,0.3987707318576978,0.543081338544211,201,926
p0045,21.5,77.0,1.0,5,0.8255813953488372,0.297029702970297,0.6120689655172413,1.1744186046511629,0.6557507063430431,0.2250601775236949,0.3824869105951672,258,926
p0046,21.5,78.5,1.0,5,0.7632508833922261,0.3333333333333333,0.5524296675191815,1.1448763250883391,0.5720864646763384,0.260441796925822,0.4203801538646471,283,926
p0047,21.5,80.0,1.0,5,0.8326693227091634,0.3569230769230769,0.5694822888283378,1.294820717131474,0.6048143566362167,0.2808189137226628,0.44594837643398794,251,926
p0048,21.5,81.5,1.0,5,0.8398268398268398,0.41566265060240964,0.5257452574525745,1.4372294372294372,0.5595916880914462,0.3458904109589041,0.49854477611940295,231,926
p0049,21.5,83.0,1.0,5,0.8152610441767069,0.3867069486404834,0.5384615384615384,1.3293172690763053,0.5671525512972744,0.3278871923068261,0.45457422324510927,249,926
p0050,21.5,84.5,1.0,5,0.8056537102473498,0.39037433155080214,0.5314685314685315,1.3215547703180213,0.5308118518369137,0.31855267847651686,0.4764507611294374,283,926
p0051,21.5,86.0,1.0,5,0.7910863509749304,0.2864321608040201,0.6004228329809725,1.1086350974930361,0.5785009320405184,0.2301732155312718,0.3502601840936424,359,926
p0052,23.0,69.5,1.0,5,0.7433628318584071,0.582089552238806,0.3652173913043478,1.7787610619469028,0.4489398299488868,0.49212363369155876,0.6836800782489161,113,926
p0053,23.0,71.0,1.0,5,0.6304347826086957,0.40816326530612246,0.4393939393939394,1.065217391304348,0.5397737957714317,0.33986769465067584,0.49138649425287356,138,926
p0054,23.0,72.5,1.0,5,0.7333333333333333,0.35638297872340424,0.521551724137931,1.1393939393939394,0.6118910428261806,0.2801724137931034,0.44644432773109244,165,926
p0055,23.0,74.0,1.0,5,0.8870056497175142,0.45104895104895104,0.5130718954248366,1.615819209039548,0.5786976249946564,0.3592675544794189,0.5402831457446531,177,926
p0056,23.0,75.5,1.0,5,0.7677725118483413,0.4022140221402214,0.50625,1.2843601895734598,0.5592734283218364,0.3208884015039307,0.47035657025063804,211,926
p0057,23.0,77.0,1.0,5,0.7421875,0.3140794223826715,0.5539358600583091,1.08203125,0.5972012941597912,0.25,0.377684787792084,256,926
p0058,23.0,78.5,1.0,5,0.8284518828451883,0.29285714285714287,0.616822429906542,1.1715481171548117,0.6715308258880935,0.22392388872893182,0.3611169467787115,239,926
p0059,23.0,80.0,1.0,5,0.8963963963963963,0.3538961038961039,0.6012084592145015,1.3873873873873874,0.6547391731727434,0.2754429832433226,0.440964949162908,222,926
p0060,23.0,81.5,1.0,5,0.8469750889679716,0.33146067415730335,0.5964912280701754,1.2669039145907472,0.6175222555735139,0.2615775691823113,0.4136818157414367,281,926
p0061,23.0,83.0,1.0,5,0.8257839721254355,0.26851851851851855,0.6336898395721925,1.1289198606271778,0.665985624391143,0.21221841583788228,0.33232651012175046,287,926
p0062,23.0,84.5,1.0,5,0.8,0.32808398950131235,0.5752808988764045,1.190625,0.5681716121454973,0.2672406781781782,0.40588722781930453,320,926
p0063,23.0,86.0,1.0,5,0.773972602739726,0.3597733711048159,0.5393794749403341,1.2089041095890412,0.5430586165811853,0.2940714691673771,0.439874024733724,292,926
p0064,23.0,87.5,1.0,5,0.8155339805825242,0.36363636363636365,0.5562913907284768,1.2815533980582525,0.5439228428187071,0.3002134896511796,0.43024481647520313,309,926
p0065,24.5,69.5,1.0,5,0.4788732394366197,0.5,0.3238095238095238,0.9577464788732394,0.4477817534311008,0.36363636363636365,0.6607348901098901,71,926
p0066,24.5,71.0,1.0,5,0.5656565656565656,0.4909090909090909,0.3660130718954248,1.1111111111111112,0.47703110262351966,0.3727066115702479,0.6202640768223483,99,926
p0067,24.5,72.5,1.0,5,0.7584269662921348,0.3382352941176471,0.5465587044534413,1.146067415730337,0.6310599484895485,0.25,0.45365857378149205,178,926
p0068,24.5,74.0,1.0,5,0.7471264367816092,0.375,0.5158730158730159,1.1954022988505748,0.5984616915705816,0.2883617435772556,0.46500290697674423,174,926
p0069,24.5,75.5,1.0,5,0.76875,0.4409090909090909,0.4785992217898833,1.375,0.5591729430154896,0.3616031088640275,0.5294440144478844,160,926
p0070,24.5,77.0,1.0,5,0.7397260273972602,0.352,0.5276872964169381,1.1415525114155252,0.5865995061485126,0.29432102628285356,0.4183793674537878,219,926
p0071,24.5,78.5,1.0,5,0.8448275862068966,0.449438202247191,0.5,1.5344827586206897,0.5684831193533048,0.3729259419230514,0.5261243126472899,174,926
p0072,24.5,80.0,1.0,5,0.8387096774193549,0.34767025089605735,0.5796178343949044,1.2857142857142858,0.6385914077052719,0.27659329346014316,0.4393621318198765,217,926
p0073,24.5,81.5,1.0,5,0.8669950738916257,0.40540540540540543,0.544891640866873,1.458128078817734,0.6018637137391853,0.33223238855255915,0.4979255319148936,203,926
p0074,24.5,83.0,1.0,5,0.8268398268398268,0.3368055555555556,0.5823170731707317,1.2467532467532467,0.6349694134166624,0.28043173431734314,0.41212519936204145,231,926
p0075,24.5,84.5,1.0,5,0.8177570093457944,0.4205298013245033,0.5131964809384164,1.411214953271028,0.5589970162956163,0.3559666889856043,0.5092273841993078,214,926
p0076,24.5,86.0,1.0,5,0.756198347107438,0.42452830188679247,0.4854111405835544,1.3140495867768596,0.507349553542046,0.3597645440735723,0.5064509187418557,242,926
p0077,24.5,87.5,1.0,5,0.7957446808510639,0.5091863517060368,0.4358974358974359,1.6212765957446809,0.4273813965135711,0.4480554200292737,0.5706857142857142,235,926
p0078,24.5,92.0,1.0,5,0.9195402298850575,0.25512104283054005,0.6993006993006993,1.2344827586206897,0.6320660133708493,0.2054018492176387,0.3084552329098608,435,926
p0079,24.5,93.5,1.0,5,0.8704225352112676,0.41366223908918404,0.5392670157068062,1.4845070422535211,0.44761637917399144,0.35688371224692994,0.4704789915966387,355,926
p0080,26.0,71.0,1.0,5,0.48936170212765956,0.4772727272727273,0.3382352941176471,0.9361702127659575,0.4516672368871227,0.3499655963302752,0.6290471923536439,94,926
p0081,26.0,72.5,1.0,5,0.5869565217391305,0.5462184873949579,0.34394904458598724,1.2934782608695652,0.450239206870713,0.4536706349206349,0.6483590733590734,92,926
p0082,26.0,74.0,1.0,5,0.7431192660550459,0.5290697674418605,0.405,1.5779816513761469,0.5052130573391406,0.45077150828446166,0.6333396946564885,109,926
p0083,26.0,75.5,1.0,5,0.6685714285714286,0.415,0.45348837209302323,1.1428571428571428,0.5290676284941389,0.3385796486977589,0.494453125,175,926
p0084,26.0,77.0,1.0,5,0.7840909090909091,0.38392857142857145,0.5267175572519084,1.2727272727272727,0.6061628800351224,0.33053825328006964,0.45912442773054285,176,926
p0085,26.0,78.5,1.0,5,0.7922705314009661,0.3333333333333333,0.5674740484429066,1.1884057971014492,0.6355868704231915,0.27483899622473906,0.40002604166666667,207,926
p0086,26.0,80.0,1.0,5,0.7740112994350282,0.47307692307692306,0.45666666666666667,1.4689265536723164,0.5171868902380511,0.4108272969881815,0.5475264582820576,177,926
p0087,26.0,81.5,1.0,5,0.8963414634146342,0.48056537102473496,0.49,1.725609756097561,0.5587702196837103,0.4006109900373599,0.5781346849173553,164,926
p0088,26.0,83.0,1.0,5,0.8533333333333334,0.574750830564784,0.39628482972136225,2.006666666666667,0.44834812999883905,0.5093733444638873,0.6520337301587301,150,926
p0089,26.0,84.5,1.0,5,0.8176470588235294,0.5544871794871795,0.40524781341107874,1.8352941176470587,0.4448114926583826,0.4803167508368646,0.6376490149672386,170,926
p0090,26.0,86.0,1.0,5,0.8034934497816594,0.44242424242424244,0.49066666666666664,1.4410480349344978,0.517410926236173,0.3846,0.51925,229,926
p0091,26.0,87.5,1.0,5,0.8278688524590164,0.46981627296587924,0.47754137115839246,1.5614754098360655,0.47903630652051055,0.387322925995278,0.5495509012560491,244,926
p0092,26.0,90.5,1.0,5,0.9222520107238605,0.33073929961089493,0.6335174953959485,1.3780160857908847,0.5792043259240315,0.28443490983865866,0.38584115491195137,373,926
p0093,26.0,92.0,1.0,5,0.9260355029585798,0.39105058365758755,0.5807050092764379,1.5207100591715976,0.5259757909614757,0.33912918540729636,0.45063241106719365,338,926
p0094,26.0,93.5,1.0,5,0.9023569023569024,0.4745098039215686,0.4972170686456401,1.7171717171717171,0.4352413231249803,0.4365542521994135,0.5156044040259541,297,926
p0095,26.0,95.0,1.0,5,0.7520661157024794,0.19111111111111112,0.6385964912280702,0.9297520661157025,0.5556414867546892,0.15065055105011435,0.2400185185185185,484,926
p0096,27.5,69.5,1.0,5,0.4,0.5510204081632653,0.2682926829268293,0.8909090909090909,0.3888730008579537,0.37729952830188684,0.7059276018099547,55,926
p0097,27.5,71.0,1.0,5,0.4875,0.4583333333333333,0.34513274336283184,0.9,0.4697598118113161,0.36889241133346545,0.5555555555555556,80,926
p0098,27.5,72.5,1.0,5,0.5769230769230769,0.5631067961165048,0.33088235294117646,1.3205128205128205,0.44392825561905264,0.475,0.6496441605839416,78,926
p0099,27.5,74.0,1.0,5,0.5594405594405595,0.5121951219512195,0.3524229074889868,1.1468531468531469,0.42656016985567324,0.4196356566820277,0.617361111111111,143,926
p0100,27.5,75.5,1.0,5,0.6932515337423313,0.4405940594059406,0.44841269841269843,1.2392638036809815,0.5270267290859785,0.35837918456925594,0.5405620588741608,163,926
p0101,27.5,77.0,1.0,5,0.6894736842105263,0.4279475982532751,0.4548611111111111,1.2052631578947368,0.5169615980117884,0.3596829276749185,0.5028309244047,190,926
p0102,27.5,78.5,1.0,5,0.75,0.4782608695652174,0.4444444444444444,1.4375,0.5042472696123921,0.42293162913369853,0.5312525783828382,176,926
p0103,27.5,80.0,1.0,5,0.8333333333333334,0.5138888888888888,0.4430379746835443,1.7142857142857142,0.4992872241065723,0.4390697004608295,0.5845429208472687,168,926
p0104,27.5,81.5,1.0,5,0.8181818181818182,0.5017301038062284,0.4485981308411215,1.6420454545454546,0.5016085774580219,0.41311863811863814,0.5866047936565146,176,926
p0105,27.5,83.0,1.0,5,0.8074534161490683,0.5652173913043478,0.3939393939393939,1.8571428571428572,0.4382465527386997,0.4788615413410697,0.6502218209554645,161,926
p0106,27.5,84.5,1.0,5,0.9310344827586207,0.5542452830188679,0.4315068493150685,2.0886699507389164,0.4355013244935832,0.4978355755834204,0.6097012420275261,203,926
p0107,27.5,92.0,1.0,5,0.9041666666666667,0.2593856655290102,0.6867088607594937,1.2208333333333334,0.5681417763498808,0.21206905598992498,0.3163615770102646,480,926
p0108,27.5,93.5,1.0,5,0.974477958236659,0.453125,0.5391527599486521,1.7819025522041763,0.2583869111092273,0.39897843783059017,0.5156037991858887,431,926
p0109,27.5,95.0,1.0,5,0.8705882352941177,0.308411214953271,0.6271186440677966,1.2588235294117647,0.5308260979710279,0.2572519927085615,0.3631249376517141,425,926
p0110,27.5,96.5,1.0,5,0.8863049095607235,0.39184397163120566,0.5641447368421053,1.4573643410852712,0.44743182688193833,0.3410944413090075,0.44036214169303034,387,926
p0111,29.0,72.5,1.0,5,0.5421686746987951,0.5945945945945946,0.30201342281879195,1.3373493975903614,0.4026473470704264,0.4998931623931624,0.6730867346938776,83,926
p0112,29.0,74.0,1.0,5,0.6176470588235294,0.5855263157894737,0.3298429319371728,1.4901960784313726,0.4195380908538855,0.5097781217750258,0.6689298169136879,102,926
p0113,29.0,75.5,1.0,5,0.625,0.5595854922279793,0.3483606557377049,1.4191176470588236,0.4161041886436282,0.46992917745182633,0.6600048543689321,136,926
p0114,29.0,77.0,1.0,5,0.7402597402597403,0.5421686746987951,0.3944636678200692,1.6168831168831168,0.453431190680167,0.4727991839963363,0.6200953569200606,154,926
p0115,29.0,78.5,1.0,5,0.8172043010752689,0.4647887323943662,0.4779874213836478,1.5268817204301075,0.53358901848458,0.38520667346056453,0.545141262792456,186,926
p0116,29.0,80.0,1.0,5,0.8244897959183674,0.34415584415584416,0.5754985754985755,1.2571428571428571,0.6179677592632588,0.2719543055974924,0.4312082985821518,245,926
p0117,29.0,95.0,1.0,5,0.9254032258064516,0.2794348508634223,0.6810089020771514,1.284274193548387,0.5228565813629108,0.2324483082706767,0.33385625056471585,496,926
p0118,29.0,96.5,1.0,5,0.8781362007168458,0.5504587155963303,0.4231433506044905,1.9534050179211468,0.32605237582640756,0.4970936919233464,0.6052724240177909,279,926
p0119,30.5,74.0,1.0,5,0.7386363636363636,0.6428571428571429,0.3170731707317073,2.0681818181818183,0.4052883644971283,0.5657018633540373,0.7213342440801457,88,926
p0120,30.5,75.5,1.0,5,0.678082191780822,0.5695652173913044,0.3574007220216607,1.5753424657534247,0.4134568850172232,0.5043391298598254,0.6468177679277051,146,926
p0121,30.5,77.0,1.0,5,0.7397959183673469,0.41295546558704455,0.4865771812080537,1.260204081632653,0.547923699879385,0.3443391906835303,0.4901192619261926,196,926
p0122,30.5,78.5,1.0,5,0.8553191489361702,0.46965699208443273,0.48668280871670705,1.6127659574468085,0.49719542867680583,0.41313382541720156,0.5384615384615384,235,926
p0123,30.5,80.0,1.0,5,0.5781990521327014,0.24691358024691357,0.4860557768924303,0.7677725118483413,0.42754588584846887,0.1626650406504065,0.34949845727205725,422,926
p0124,32.0,75.5,1.0,5,0.7925531914893617,0.4659498207885305,0.46855345911949686,1.4840425531914894,0.5222111632848707,0.39570212394191195,0.5289264175627812,188,926
p0125,32.0,77.0,1.0,5,0.9164086687306502,0.4196078431372549,0.5512104283054003,1.5789473684210527,0.4949830051278802,0.3560724799327129,0.48676515710740936,323,926
p0126,32.0,78.5,1.0,5,0.8816568047337278,0.6644144144144144,0.32112068965517243,2.6272189349112427,0.3014517465502459,0.6004409238272049,0.7350249488814966,169,926
p0127,33.5,74.0,1.0,5,0.7615384615384615,0.39076923076923076,0.5116279069767442,1.25,0.530428483271176,0.33718920801628977,0.45225599594543514,260,926
p0128,33.5,75.5,1.0,5,0.8547717842323651,0.5164319248826291,0.44685466377440347,1.7676348547717842,0.42729984720234776,0.45680016629711756,0.5664429858934169,241,926
p0129,33.5,77.0,1.0,5,0.44666666666666666,0.5786163522012578,0.2768595041322314,1.06,0.3203569960659973,0.48749198717948716,0.6666666666666666,150,926
p0130,33.5,78.5,1.0,5,0.7553191489361702,0.7066115702479339,0.2679245283018868,2.574468085106383,0.32373136575816897,0.6328729213204269,0.7735962445573294,94,926
p0131,35.0,74.0,1.0,5,0.8121827411167513,0.6235294117647059,0.3463203463203463,2.1573604060913705,0.3154542472620814,0.5483815477952056,0.6912129955841796,197,926
p0132,35.0,75.5,1.0,5,0.7540106951871658,0.5865102639296188,0.3643410852713178,1.8235294117647058,0.36967409530872125,0.5225810363522229,0.6464328293108462,187,926
p0133,35.0,77.0,1.0,5,0.6724137931034483,0.87,0.12225705329153605,5.172413793103448,0.12614422260269356,0.8158662613981763,0.9180429601209161,58,926
p0134,35.0,78.5,1.0,5,0.5507246376811594,0.7682926829268293,0.19487179487179487,2.3768115942028984,0.2472168428901339,0.6947761053974927,0.8428641456582633,69,926
p0135,35.0,80.0,1.0,5,0.41284403669724773,0.7619047619047619,0.17786561264822134,1.7339449541284404,0.1795046560963765,0.6614864864864864,0.8523689397850471,109,926
p0136,36.5,72.5,1.0,5,0.16071428571428573,0.9536082474226805,0.03734439834024896,3.4642857142857144,-0.024121427073203288,0.9105243519245877,0.9828673042438733,56,926
p0137,36.5,74.0,1.0,5,0.5608465608465608,0.6015037593984962,0.3037249283667622,1.4074074074074074,0.2985329600788074,0.5198345619386545,0.6920359531772575,189,926
p0138,36.5,75.5,1.0,5,0.5463414634146342,0.5851851851851851,0.3085399449035813,1.3170731707317074,0.2938599422755583,0.508185601728301,0.6653241315136476,205,926
p0000,9.5,77.0,1.0,6,0.9707865168539326,0.3872340425531915,0.6016713091922006,1.5842696629213484,0.394591381872214,0.3278665755919854,0.4497950601511764,445,926
p0001,9.5,78.5,1.0,6,0.7760416666666666,0.6426858513189448,0.3239130434782609,2.171875,0.28682089914463876,0.5789379699248121,0.7055042016806723,192,926
p0002,11.0,77.0,1.0,6,0.6576576576576577,0.7937853107344632,0.18622448979591838,3.189189189189189,0.16081726808370406,0.7260629189740601,0.8526324038937468,111,926
p0003,11.0,78.5,1.0,6,0.7225806451612903,0.6477987421383647,0.31024930747922436,2.0516129032258066,0.32067833762499337,0.5784877012522361,0.7170227054685001,155,926
p0004,12.5,75.5,1.0,6,0.9617021276595744,0.2686084142394822,0.710691823899371,1.3148936170212766,0.6005701318429887,0.21170505342126872,0.3396718576195773,470,926
p0005,12.5,77.0,1.0,6,0.793859649122807,0.5530864197530864,0.4004424778761062,1.7763157894736843,0.37494457977772133,0.49375769092552463,0.6126742844671696,228,926
p0006,12.5,78.5,1.0,6,0.8106796116504854,0.5825,0.3804100227790433,1.941747572815534,0.36453087628293757,0.5111399057629576,0.6558703393380813,206,926
p0007,12.5,80.0,1.0,6,0.8209876543209876,0.6748166259168704,0.3036529680365297,2.5246913580246915,0.28720692527067615,0.6153799019607844,0.7297492927225666,162,926
p0008,14.0,75.5,1.0,6,0.941747572815534,0.39751552795031053,0.5808383233532934,1.5631067961165048,0.5528606707779755,0.33398725687458086,0.46091638188479417,309,926
p0009,14.0,77.0,1.0,6,0.8787878787878788,0.6446078431372549,0.338785046728972,2.4727272727272727,0.3381671793473045,0.5799799054373522,0.7170919068562004,165,926
p0010,14.0,78.5,1.0,6,0.7456647398843931,0.6194690265486725,0.3368146214099217,1.9595375722543353,0.3408292182569265,0.5496889268232488,0.6920657123925915,173,926
p0011,14.0,80.0,1.0,6,0.7837837837837838,0.5284552845528455,0.4172661870503597,1.662162162162162,0.41314451138408576,0.455796485260771,0.6000537634408601,222,926
p0012,15.5,74.0,1.0,6,0.9704301075268817,0.23839662447257384,0.7443298969072165,1.2741935483870968,0.7334261967776384,0.16831059156335804,0.32911924902629014,372,926
p0013,15.5,75.5,1.0,6,0.8239700374531835,0.5033860045146726,0.4489795918367347,1.6591760299625469,0.4059843477517118,0.44417202399394123,0.5693000769959725,267,926
p0014,15.5,77.0,1.0,6,0.7898089171974523,0.6536312849162011,0.3171355498721228,2.2802547770700636,0.3216545305889519,0.5848513890615719,0.7201129352713584,157,926
p0015,15.5,78.5,1.0,6,0.8270042194092827,0.4935400516795866,0.45794392523364486,1.6329113924050633,0.45527478155918316,0.4285624325296869,0.5596956792687994,237,926
p0016,15.5,80.0,1.0,6,0.7564766839378239,0.546583850931677,0.3956639566395664,1.6683937823834196,0.41435288912586005,0.46836272053235845,0.6253970839149993,193,926
p0017,17.0,74.0,1.0,6,0.9305555555555556,0.36792452830188677,0.6036036036036037,1.4722222222222223,0.6073700034691439,0.2839138066217613,0.47051043450544816,288,926
p0018,17.0,75.5,1.0,6,0.7755102040816326,0.5606936416184971,0.38974358974358975,1.7653061224489797,0.3982744498443728,0.4938078703703703,0.6334242544646214,196,926
p0019,17.0,77.0,1.0,6,0.835820895522388,0.5590551181102362,0.4057971014492754,1.8955223880597014,0.40950307177852086,0.4890647219339713,0.631757852077001,201,926
p0020,17.0,78.5,1.0,6,0.776595744680851,0.5479876160990712,0.4,1.7180851063829787,0.4234515463214097,0.49109475206339964,0.6161625053350405,188,926
p0021,17.0,80.0,1.0,6,0.7435897435897436,0.5632530120481928,0.3795811518324607,1.7025641025641025,0.38787020043400405,0.5105673996324789,0.6216234091234091,195,926
p0022,17.0,81.5,1.0,6,0.8009950248756219,0.5985037406483791,0.36507936507936506,1.9950248756218905,0.3456656151419558,0.5435634706850303,0.6547181219897027,201,926
p0023,18.5,74.0,1.0,6,0.8354430379746836,0.43909348441926344,0.5051020408163265,1.489451476793249,0.5260277875984781,0.35789975971786225,0.5242851529823316,237,926
p0024,18.5,75.5,1.0,6,0.9069767441860465,0.5749318801089919,0.4073107049608355,2.133720930232558,0.4362532384288189,0.5083677594825051,0.6478019984369766,172,926
p0025,18.5,77.0,1.0,6,0.8020833333333334,0.5457227138643068,0.40848806366047746,1.765625,0.42882195115204824,0.46937986534820114,0.6222832886505808,192,926
p0026,18.5,78.5,1.0,6,0.8333333333333334,0.5915492957746479,0.3776041666666667,2.0402298850574714,0.39583526701136185,0.5235663082437275,0.6637645074224021,174,926
p0027,18.5,80.0,1.0,6,0.8109090909090909,0.3923705722070845,0.5322195704057279,1.3345454545454545,0.5377570407648697,0.32132456790605124,0.46808932792975344,275,926
p0028,18.5,81.5,1.0,6,0.8754325259515571,0.387409200968523,0.5634743875278396,1.4290657439446366,0.5587667562928783,0.30807993730407524,0.47204931506849307,289,926
p0029,18.5,83.0,1.0,6,0.8154506437768241,0.5652173913043478,0.3958333333333333,1.8755364806866952,0.35567616332915847,0.5,0.6263739714556178,233,926
p0030,20.0,72.5,1.0,6,0.9786476868327402,0.2647058823529412,0.7236842105263158,1.3309608540925266,0.7546815628926533,0.18241707616707617,0.3559990505650669,281,926
p0031,20.0,74.0,1.0,6,0.8894472361809045,0.4778761061946903,0.4903047091412742,1.7035175879396984,0.530966289165515,0.4034556359482102,0.5468289318658582,199,926
p0032,20.0,75.5,1.0,6,0.8969072164948454,0.48672566371681414,0.48467966573816157,1.7474226804123711,0.5268019424019269,0.41896024464831805,0.5571669647379083,194,926
p0033,20.0,77.0,1.0,6,0.8392857142857143,0.4233128834355828,0.5193370165745856,1.4553571428571428,0.5564401572462092,0.33418859649122806,0.5211858398714433,224,926
p0034,20.0,78.5,1.0,6,0.7773109243697479,0.42901234567901236,0.4907161803713528,1.361344537815126,0.5144789015478388,0.35205633637395767,0.519824225578631,238,926
p0035,20.0,80.0,1.0,6,0.8450704225352113,0.33147632311977715,0.5955334987593052,1.2640845070422535,0.6144682329261876,0.26158304492411055,0.41218510900006256,284,926
p0036,20.0,81.5,1.0,6,0.9417989417989417,0.5527638190954773,0.4352078239608802,2.105820105820106,0.4558733001287145,0.4725504083606623,0.6464250893727657,189,926
p0037,20.0,83.0,1.0,6,0.8215613382899628,0.4090909090909091,0.523696682464455,1.3903345724907064,0.5278458470951736,0.3439147453853336,0.49535711967808926,269,926
p0038,20.0,84.5,1.0,6,0.7483221476510067,0.40053763440860213,0.4988814317673378,1.2483221476510067,0.4797596235841769,0.33799715390790336,0.4677998081228014,298,926
p0039,20.0,86.0,1.0,6,0.8894472361809045,0.5575,0.4194312796208531,2.0100502512562812,0.42633396885762403,0.4908975101331789,0.6295383008356547,199,926
p0040,21.5,69.5,1.0,6,0.8814814814814815,0.5966101694915255,0.38263665594855306,2.185185185185185,0.4418359338209902,0.4953838447748603,0.6868021286889211,135,926
p0041,21.5,71.0,1.0,6,0.7125,0.42424242424242425,0.4672131147540984,1.2375,0.5510688127452004,0.33635618479880774,0.5106470657002572,160,926
p0042,21.5,72.5,1.0,6,0.8597285067873304,0.3448275862068966,0.5919003115264797,1.3122171945701357,0.6483945206750028,0.2715777327479455,0.4232286847323199,221,926
p0043,21.5,74.0,1.0,6,0.9166666666666666,0.49074074074074076,0.48672566371681414,1.8,0.5397298779651721,0.40641532258064517,0.5793760811901741,180,926
p0044,21.5,75.5,1.0,6,0.8308457711442786,0.4681528662420382,0.47988505747126436,1.5621890547263682,0.5220297608523308,0.397622368458003,0.5395219764284019,201,926
p0045,21.5,77.0,1.0,6,0.7906976744186046,0.3177257525083612,0.5779036827195467,1.1589147286821706,0.618327072348948,0.22592098166127292,0.41873812291286133,258,926
p0046,21.5,78.5,1.0,6,0.7526501766784452,0.321656050955414,0.5546875,1.1095406360424027,0.577854320737514,0.24998028391167193,0.4132420243490625,283,926
p0047,21.5,80.0,1.0,6,0.8286852589641435,0.3677811550151976,0.5591397849462365,1.3107569721115537,0.591677824920279,0.28787179179659395,0.46396080900291176,251,926
p0048,21.5,81.5,1.0,6,0.8398268398268398,0.4327485380116959,0.5118733509234829,1.4805194805194806,0.5402234067107897,0.362871364265928,0.5161471547662196,231,926
p0049,21.5,83.0,1.0,6,0.8353413654618473,0.4057142857142857,0.5319693094629157,1.4056224899598393,0.5544963641048021,0.34971952963610364,0.4726462923477849,249,926
p0050,21.5,84.5,1.0,6,0.8268551236749117,0.3776595744680851,0.5505882352941176,1.3286219081272084,0.5549622815272585,0.3017900900900901,0.46180343187223916,283,926
p0051,21.5,86.0,1.0,6,0.7799442896935933,0.30864197530864196,0.5785123966942148,1.128133704735376,0.5466383791645267,0.257452634529148,0.37426216029080833,359,926
p0052,23.0,69.5,1.0,6,0.7699115044247787,0.5953488372093023,0.36099585062240663,1.9026548672566372,0.4410711066168113,0.5,0.6866666666666666,113,926
p0053,23.0,71.0,1.0,6,0.6739130434782609,0.4861878453038674,0.41150442477876104,1.3115942028985508,0.4982113609139579,0.39077474249888045,0.5822898643110828,138,926
p0054,23.0,72.5,1.0,6,0.7333333333333333,0.4068627450980392,0.4879032258064516,1.2363636363636363,0.5713806701801191,0.32402037925879296,0.502172578665116,165,926
p0055,23.0,74.0,1.0,6,0.8531073446327684,0.4607142857142857,0.4934640522875817,1.5819209039548023,0.5570909270448248,0.367063178119349,0.5588600333750521,177,926
p0056,23.0,75.5,1.0,6,0.7677725118483413,0.4234875444839858,0.4909090909090909,1.3317535545023698,0.5383875849381324,0.3392757936507937,0.5190678184631253,211,926
p0057,23.0,77.0,1.0,6,0.76171875,0.3181818181818182,0.5619596541786743,1.1171875,0.6040285826815956,0.25949281560041054,0.38392857142857145,256,926
p0058,23.0,78.5,1.0,6,0.8158995815899581,0.3434343434343434,0.5718475073313783,1.2426778242677825,0.6184891497587267,0.26922131147540984,0.43272210743801653,239,926
p0059,23.0,80.0,1.0,6,0.8963963963963963,0.36421725239616615,0.5922619047619048,1.40990990990991,0.6440839641115707,0.2950183094293561,0.45457887700534755,222,926
p0060,23.0,81.5,1.0,6,0.8398576512455516,0.313953488372093,0.6066838046272494,1.2241992882562278,0.6324081137039401,0.25069546012450294,0.3968290043290043,281,926
p0061,23.0,83.0,1.0,6,0.8536585365853658,0.2898550724637681,0.6330749354005168,1.2020905923344947,0.6604046466702135,0.22330531576556112,0.3642278431857095,287,926
p0062,23.0,84.5,1.0,6,0.81875,0.3247422680412371,0.5874439461883408,1.2125,0.5816621162420695,0.26123319949027435,0.4084507042253521,320,926
p0063,23.0,86.0,1.0,6,0.7808219178082192,0.3684210526315789,0.5364705882352941,1.2363013698630136,0.5368283678723588,0.30765418502202646,0.43750844594594596,292,926
p0064,23.0,87.5,1.0,6,0.8155339805825242,0.373134328358209,0.5490196078431373,1.3009708737864079,0.5324259055982437,0.31977886977886977,0.44256277409923467,309,926
p0065,24.5,69.5,1.0,6,0.4507042253521127,0.5223880597014925,0.3018867924528302,0.9436619718309859,0.420633444374926,0.36358800773694394,0.6744331395348837,71,926
p0066,24.5,71.0,1.0,6,0.5454545454545454,0.5344827586206896,0.33540372670807456,1.1717171717171717,0.4374240583232078,0.42857142857142855,0.656021568627451,99,926
p0067,24.5,72.5,1.0,6,0.7921348314606742,0.3380281690140845,0.564,1.196629213483146,0.6473773573040617,0.25727600250626564,0.4321171918186843,178,926
p0068,24.5,74.0,1.0,6,0.735632183908046,0.4336283185840708,0.47058823529411764,1.2988505747126438,0.5429542899448847,0.33976932622819184,0.5310138081395349,174,926
p0069,24.5,75.5,1.0,6,0.75625,0.45739910313901344,0.4618320610687023,1.39375,0.5391213492506124,0.3772833723653396,0.5511400058275059,160,926
p0070,24.5,77.0,1.0,6,0.7488584474885844,0.36923076923076925,0.5206349206349207,1.187214611872146,0.5758658553601437,0.31974159700452803,0.43350080648676925,219,926
p0071,24.5,78.5,1.0,6,0.8563218390804598,0.4601449275362319,0.4950166112956811,1.5862068965517242,0.5610443720918629,0.37457909343200735,0.5402092296544541,174,926
p0072,24.5,80.0,1.0,6,0.847926267281106,0.36769759450171824,0.5679012345679012,1.3410138248847927,0.6232643833148317,0.3,0.4567410714285714,217,926
p0073,24.5,81.5,1.0,6,0.8472906403940886,0.40893470790378006,0.5341614906832298,1.4334975369458127,0.5906253499873267,0.3292,0.5,203,926
p0074,24.5,83.0,1.0,6,0.8181818181818182,0.35051546391752575,0.5675675675675675,1.2597402597402598,0.6178488522053134,0.29491151888686556,0.42188368055555553,231,926
p0075,24.5,84.5,1.0,6,0.8271028037383178,0.4326923076923077,0.5071633237822349,1.4579439252336448,0.5494936923686146,0.36363636363636365,0.5164332146726514,214,926
p0076,24.5,86.0,1.0,6,0.7933884297520661,0.4336283185840708,0.493573264781491,1.4008264462809918,0.5121493327628166,0.3749911971830986,0.5078426787339468,242,926
p0077,24.5,87.5,1.0,6,0.825531914893617,0.5186104218362283,0.4369369369369369,1.7148936170212765,0.4232369487116882,0.459045211254263,0.5827258048238975,235,926
p0078,24.5,92.0,1.0,6,0.9126436781609195,0.2551594746716698,0.6952714535901926,1.2252873563218392,0.627595005755123,0.20257653616903307,0.3161285274572187,435,926
p0079,24.5,93.5,1.0,6,0.8845070422535212,0.4195933456561922,0.5395189003436426,1.523943661971831,0.4430525196033987,0.3581068449420022,0.479171342010772,355,926
p0080,26.0,71.0,1.0,6,0.4787234042553192,0.47058823529411764,0.3358208955223881,0.9042553191489362,0.44974428138395184,0.3571085164835165,0.6153846153846154,94,926
p0081,26.0,72.5,1.0,6,0.5869565217391305,0.5939849624060151,0.3157894736842105,1.4456521739130435,0.41079411348829115,0.48904072660915726,0.7008501341178506,92,926
p0082,26.0,74.0,1.0,6,0.7339449541284404,0.5348837209302325,0.39800995024875624,1.5779816513761469,0.49689731040366397,0.4454865631998333,0.646092422200082,109,926
p0083,26.0,75.5,1.0,6,0.68,0.4020100502512563,0.4666666666666667,1.1371428571428572,0.5448217035211115,0.3247175141242938,0.48502583798882676,175,926
p0084,26.0,77.0,1.0,6,0.7784090909090909,0.38288288288288286,0.524904214559387,1.2613636363636365,0.6046059971625736,0.32059846862781605,0.4626023290672201,176,926
p0085,26.0,78.5,1.0,6,0.7971014492753623,0.35039370078740156,0.5574324324324325,1.2270531400966183,0.6229571379728344,0.2922121403635488,0.4154077253218884,207,926
p0086,26.0,80.0,1.0,6,0.7853107344632768,0.4908424908424908,0.44694533762057875,1.5423728813559323,0.5023651963081691,0.4235546300832925,0.5636007737656595,177,926
p0087,26.0,81.5,1.0,6,0.9207317073170732,0.49328859060402686,0.4855305466237942,1.8170731707317074,0.5511227989384005,0.41875522649860286,0.5825444983818769,164,926
p0088,26.0,83.0,1.0,6,0.8266666666666667,0.5838926174496645,0.38271604938271603,1.9866666666666666,0.43093827585359257,0.5112253264500456,0.6582355665328805,150,926
p0089,26.0,84.5,1.0,6,0.8117647058823529,0.5490196078431373,0.40828402366863903,1.8,0.4500142544901644,0.48147614473262884,0.6250626790830945,170,926
p0090,26.0,86.0,1.0,6,0.834061135371179,0.43823529411764706,0.5052910052910053,1.48471615720524,0.5334748662352428,0.3834480159267062,0.5110368479916237,229,926
p0091,26.0,87.5,1.0,6,0.8688524590163934,0.4713216957605985,0.4896073903002309,1.6434426229508197,0.49040046615635163,0.4043734335839599,0.5491823467657273,244,926
p0092,26.0,90.5,1.0,6,0.9276139410187667,0.3333333333333333,0.6336996336996337,1.3914209115281502,0.5779571485217107,0.2816628151260504,0.38632378012669816,373,926
p0093,26.0,92.0,1.0,6,0.9260355029585798,0.4049429657794677,0.5680580762250453,1.5562130177514792,0.5041755907921024,0.3488455089076584,0.46799575114431735,338,926
p0094,26.0,93.5,1.0,6,0.9057239057239057,0.4866412213740458,0.48731884057971014,1.7643097643097643,0.41633889396200363,0.44544507575757575,0.5286008815583677,297,926
p0095,26.0,95.0,1.0,6,0.762396694214876,0.189010989010989,0.6473684210526316,0.9400826446280992,0.5662146855787114,0.14656392790065315,0.23608269633244172,484,926
p0096,27.5,69.5,1.0,6,0.2909090909090909,0.6521739130434783,0.18823529411764706,0.8363636363636363,0.27775642619763524,0.48272669220945086,0.8250646551724137,55,926
p0097,27.5,71.0,1.0,6,0.4,0.5428571428571428,0.2711864406779661,0.875,0.3763821456538763,0.42857142857142855,0.6595744680851063,80,926
p0098,27.5,72.5,1.0,6,0.5256410256410257,0.6238532110091743,0.2808219178082192,1.3974358974358974,0.37736139038665967,0.5365545700911555,0.723773923444976,78,926
p0099,27.5,74.0,1.0,6,0.5594405594405595,0.5031055900621118,0.35714285714285715,1.1258741258741258,0.43368244018041435,0.42857142857142855,0.5930710921401237,143,926
p0100,27.5,75.5,1.0,6,0.6503067484662577,0.46733668341708545,0.4140625,1.2208588957055215,0.48619875859109707,0.37081687178466877,0.5706092436974789,163,926
p0101,27.5,77.0,1.0,6,0.6894736842105263,0.4425531914893617,0.445578231292517,1.236842105263158,0.5039013968775677,0.37208821833557565,0.5280045648432238,190,926
p0102,27.5,78.5,1.0,6,0.7954545454545454,0.4795539033457249,0.45901639344262296,1.5284090909090908,0.5185927368281755,0.4304546749270099,0.5410240388149673,176,926
p0103,27.5,80.0,1.0,6,0.8333333333333334,0.527027027027027,0.43209876543209874,1.7619047619047619,0.48401007849597827,0.45039801532343116,0.6028440824468085,168,926
p0104,27.5,81.5,1.0,6,0.8238636363636364,0.5068027210884354,0.4461538461538462,1.6704545454545454,0.4975462120024598,0.4194753412261519,0.5852959110473458,176,926
p0105,27.5,83.0,1.0,6,0.8322981366459627,0.5759493670886076,0.39067055393586003,1.9627329192546583,0.43069863215178705,0.49354733975701714,0.6542195149087672,161,926
p0106,27.5,84.5,1.0,6,0.9113300492610837,0.5616113744075829,0.42045454545454547,2.0788177339901477,0.42042325081366066,0.5039228523400867,0.6235400622644601,203,926
p0107,27.5,92.0,1.0,6,0.9041666666666667,0.2631578947368421,0.6834645669291338,1.2270833333333333,0.5614931182177574,0.215549435247954,0.32058700037805155,480,926
p0108,27.5,93.5,1.0,6,0.9837587006960556,0.4464751958224543,0.5485122897800776,1.777262180974478,0.278838729832861,0.39184051159529915,0.5090100190968747,431,926
p0109,27.5,95.0,1.0,6,0.8823529411764706,0.31693989071038253,0.6260434056761269,1.291764705882353,0.5234633816860185,0.263497611732514,0.37029706606421026,425,926
p0110,27.5,96.5,1.0,6,0.875968992248062,0.3935599284436494,0.5584843492586491,1.4444444444444444,0.44021834750637223,0.34615036231884055,0.4457599629286376,387,926
p0111,29.0,72.5,1.0,6,0.5060240963855421,0.6037735849056604,0.2857142857142857,1.2771084337349397,0.3823450939536775,0.5090685543964232,0.6849378488077118,83,926
p0112,29.0,74.0,1.0,6,0.5392156862745098,0.6071428571428571,0.29411764705882354,1.3725490196078431,0.3748747008162347,0.518744212962963,0.7012237466124661,102,926
p0113,29.0,75.5,1.0,6,0.6397058823529411,0.5561224489795918,0.3551020408163265,1.4411764705882353,0.4242562568865103,0.45829232283464566,0.6544151069518717,136,926
p0114,29.0,77.0,1.0,6,0.7597402597402597,0.524390243902439,0.4134275618374558,1.5974025974025974,0.47827798745553773,0.4570036450417933,0.6001234567901234,154,926
p0115,29.0,78.5,1.0,6,0.8440860215053764,0.4412811387900356,0.5064516129032258,1.510752688172043,0.5679363239913391,0.3636290558316282,0.5274375323514188,186,926
p0116,29.0,80.0,1.0,6,0.8244897959183674,0.3504823151125402,0.5706214689265536,1.2693877551020407,0.6116821991579899,0.2806166007905138,0.4366730769230769,245,926
p0117,29.0,95.0,1.0,6,0.9294354838709677,0.2819314641744548,0.6809453471196455,1.2943548387096775,0.5202578887279217,0.23453139455152971,0.33505593955014057,496,926
p0118,29.0,96.5,1.0,6,0.8637992831541219,0.5610200364298725,0.41056218057921634,1.967741935483871,0.30407093178332967,0.5090045570219566,0.6136726429593669,279,926
p0119,30.5,74.0,1.0,6,0.7727272727272727,0.6344086021505376,0.3300970873786408,2.1136363636363638,0.4217423570510616,0.5445064353454764,0.7195873015873016,88,926
p0120,30.5,75.5,1.0,6,0.7054794520547946,0.5708333333333333,0.36395759717314485,1.643835616438356,0.4199529503473044,0.49993718592964825,0.6470740627857361,146,926
p0121,30.5,77.0,1.0,6,0.7602040816326531,0.4562043795620438,0.46417445482866043,1.3979591836734695,0.5141361512086196,0.3956806074128039,0.5230794701986755,196,926
p0122,30.5,78.5,1.0,6,0.8170212765957446,0.49340369393139843,0.4549763033175355,1.6127659574468085,0.45450447450785536,0.4317574680879063,0.570979262672811,235,926
p0123,30.5,80.0,1.0,6,0.590047393364929,0.25892857142857145,0.48919449901768175,0.7962085308056872,0.42446524703339994,0.17313413552393075,0.3657614597240765,422,926
p0124,32.0,75.5,1.0,6,0.7872340425531915,0.4861111111111111,0.45121951219512196,1.5319148936170213,0.4986886744784774,0.4249084249084249,0.5439554176886452,188,926
p0125,32.0,77.0,1.0,6,0.8823529411764706,0.4288577154308617,0.5307262569832403,1.5448916408668731,0.46822600713735535,0.3627395178736994,0.5031882441001596,323,926
p0126,32.0,78.5,1.0,6,0.8579881656804734,0.6763392857142857,0.3072033898305085,2.6508875739644973,0.2789020713567887,0.6110992907801419,0.7410307042647638,169,926
p0127,33.5,74.0,1.0,6,0.7269230769230769,0.42201834862385323,0.4748743718592965,1.2576923076923077,0.48186719925466237,0.3613982717989003,0.4873967215719506,260,926
p0128,33.5,75.5,1.0,6,0.8298755186721992,0.5348837209302325,0.42462845010615713,1.7842323651452283,0.39397613056225034,0.4756220997679814,0.5855520519578313,241,926
p0129,33.5,77.0,1.0,6,0.4533333333333333,0.577639751552795,0.27983539094650206,1.0733333333333333,0.323907111804611,0.4864864864864865,0.6723239507667474,150,926
p0130,33.5,78.5,1.0,6,0.7553191489361702,0.7269230769230769,0.2508833922261484,2.765957446808511,0.2961810385624758,0.654172123340675,0.7932682198578578,94,926
p0131,35.0,74.0,1.0,6,0.8071065989847716,0.6361556064073226,0.33473684210526317,2.218274111675127,0.294741459511311,0.5665638464815544,0.6938884321501112,197,926
p0132,35.0,75.5,1.0,6,0.7593582887700535,0.6120218579234973,0.34549878345498786,1.9572192513368984,0.3360927946608954,0.5558028510871051,0.6714078071469264,187,926
p0133,35.0,77.0,1.0,6,0.6551724137931034,0.8830769230769231,0.11014492753623188,5.603448275862069,0.10309252329961699,0.8366133162612036,0.9288197037590241,58,926
p0134,35.0,78.5,1.0,6,0.5797101449275363,0.786096256684492,0.18518518518518517,2.710144927536232,0.22851597633136095,0.7155056544308491,0.860699723034313,69,926
p0135,35.0,80.0,1.0,6,0.42201834862385323,0.7722772277227723,0.17358490566037735,1.853211009174312,0.16870670219307235,0.6849193302891933,0.8490651284382814,109,926
p0136,36.5,72.5,1.0,6,0.10714285714285714,0.9705882352941176,0.023622047244094488,3.642857142857143,-0.053856602665296086,0.93717277486911,0.9944172030604809,56,926
p0137,36.5,74.0,1.0,6,0.5291005291005291,0.609375,0.2898550724637681,1.3544973544973544,0.2804676151752923,0.525691699604743,0.6955344539509694,189,926
p0138,36.5,75.5,1.0,6,0.5609756097560976,0.6061643835616438,0.3010471204188482,1.424390243902439,0.27388972751995583,0.5257305978960928,0.6834019176375685,205,926
p0000,9.5,77.0,1.0,7,0.9797752808988764,0.4010989010989011,0.5915875169606513,1.6359550561797753,0.364042913401996,0.34472769257581043,0.46722372539657275,445,926
p0001,9.5,78.5,1.0,7,0.765625,0.6466346153846154,0.3188720173535792,2.1666666666666665,0.278973575622917,0.5762229586556941,0.7135503685503686,192,926
p0002,11.0,77.0,1.0,7,0.6756756756756757,0.8081841432225064,0.1756440281030445,3.5225225225225225,0.13780716836397303,0.7309885290148448,0.8760006293027629,111,926
p0003,11.0,78.5,1.0,7,0.6967741935483871,0.6549520766773163,0.3,2.0193548387096776,0.3061979318423729,0.582405165456013,0.7291828416149068,155,926
p0004,12.5,75.5,1.0,7,0.9531914893617022,0.2832,0.6924265842349304,1.3297872340425532,0.567908645391235,0.2213204455076426,0.3530484492885111,470,926
p0005,12.5,77.0,1.0,7,0.7850877192982456,0.5686746987951807,0.3857758620689655,1.8201754385964912,0.3502602307362782,0.5129048640752323,0.6297364864864865,228,926
p0006,12.5,78.5,1.0,7,0.7718446601941747,0.5880829015544041,0.3672055427251732,1.8737864077669903,0.34802137938123134,0.5236670518322879,0.6613102623183268,206,926
p0007,12.5,80.0,1.0,7,0.8024691358024691,0.6859903381642513,0.2914798206278027,2.5555555555555554,0.2670674281134155,0.6308558794742729,0.7422708969928892,162,926
p0008,14.0,75.5,1.0,7,0.941747572815534,0.40853658536585363,0.5705882352941176,1.5922330097087378,0.5366509013640414,0.3480641136432046,0.4773880791254555,309,926
p0009,14.0,77.0,1.0,7,0.8727272727272727,0.6444444444444445,0.3380281690140845,2.4545454545454546,0.3375142704924271,0.5709977849375756,0.7157869362660862,165,926
p0010,14.0,78.5,1.0,7,0.7861271676300579,0.5976331360946746,0.3626666666666667,1.953757225433526,0.37874679287442664,0.5302520932008472,0.6747998942837725,173,926
p0011,14.0,80.0,1.0,7,0.7387387387387387,0.5567567567567567,0.38317757009345793,1.6666666666666667,0.36322907332930465,0.48741939336040124,0.625008608815427,222,926
p0012,15.5,74.0,1.0,7,0.9731182795698925,0.24425887265135698,0.7402862985685071,1.2876344086021505,0.7275524151511641,0.16595515792523904,0.3379255457380457,372,926
p0013,15.5,75.5,1.0,7,0.8089887640449438,0.5113122171945701,0.4381338742393509,1.655430711610487,0.3900158380617637,0.4444444444444444,0.5774449172272362,267,926
p0014,15.5,77.0,1.0,7,0.7643312101910829,0.6712328767123288,0.29850746268656714,2.3248407643312103,0.29186846800917665,0.6126559082775532,0.7296459492888064,157,926
p0015,15.5,78.5,1.0,7,0.8227848101265823,0.5,0.4513888888888889,1.6455696202531647,0.44544172718589387,0.4403537404475515,0.5632263288245379,237,926
p0016,15.5,80.0,1.0,7,0.7202072538860104,0.5850746268656717,0.35732647814910024,1.7357512953367875,0.35626136622749693,0.5089534097948304,0.6578190498369818,193,926
p0017,17.0,74.0,1.0,7,0.9513888888888888,0.37727272727272726,0.6035242290748899,1.5277777777777777,0.603791883771346,0.29376826954720564,0.47840608465608464,288,926
p0018,17.0,75.5,1.0,7,0.7551020408163265,0.5967302452316077,0.3566265060240964,1.8724489795918366,0.3450091926861188,0.5323933305716653,0.6647735031512604,196,926
p0019,17.0,77.0,1.0,7,0.8109452736318408,0.5710526315789474,0.38995215311004783,1.890547263681592,0.38706696500417914,0.49627745153245917,0.6465151529219513,201,926
p0020,17.0,78.5,1.0,7,0.7553191489361702,0.572289156626506,0.37566137566137564,1.7659574468085106,0.38731888933746017,0.5139645406579765,0.6345105201636471,188,926
p0021,17.0,80.0,1.0,7,0.7384615384615385,0.5850144092219021,0.36180904522613067,1.7794871794871794,0.35835138394050664,0.530254247964599,0.6487360608800482,195,926
p0022,17.0,81.5,1.0,7,0.8208955223880597,0.5995145631067961,0.36830357142857145,2.0497512437810945,0.34813712955270215,0.5367586185104434,0.6572207719817215,201,926
p0023,18.5,74.0,1.0,7,0.8565400843881856,0.428169014084507,0.5218508997429306,1.4978902953586497,0.5466543132537731,0.3444677398963294,0.5167847569971118,237,926
p0024,18.5,75.5,1.0,7,0.9186046511627907,0.5863874345549738,0.398989898989899,2.2209302325581395,0.42245725846182874,0.5144448925333454,0.6560653441792648,172,926
p0025,18.5,77.0,1.0,7,0.765625,0.5739130434782609,0.3769230769230769,1.796875,0.3831439051268977,0.49228932584269663,0.6501664964702748,192,926
p0026,18.5,78.5,1.0,7,0.8275862068965517,0.5932203389830508,0.375,2.0344827586206895,0.3923485793031039,0.5261837713408786,0.6676709981735618,174,926
p0027,18.5,80.0,1.0,7,0.8181818181818182,0.3983957219251337,0.5306603773584906,1.36,0.5338069288645345,0.33436842873831774,0.4754417434140072,275,926
p0028,18.5,81.5,1.0,7,0.8581314878892734,0.4095238095238095,0.5379609544468547,1.453287197231834,0.5233194932499383,0.3333333333333333,0.49640579879483887,289,926
p0029,18.5,83.0,1.0,7,0.8111587982832618,0.5704545454545454,0.390495867768595,1.888412017167382,0.346730183327833,0.5084745762711864,0.633249389018939,233,926
p0030,20.0,72.5,1.0,7,0.9572953736654805,0.3049095607235142,0.6741854636591479,1.3772241992882561,0.6998558869435566,0.2208730052524171,0.4026727795932302,281,926
p0031,20.0,74.0,1.0,7,0.864321608040201,0.49854227405247814,0.4648648648648649,1.7236180904522613,0.49819638839776886,0.4321676942930886,0.5678252911165634,199,926
p0032,20.0,75.5,1.0,7,0.8556701030927835,0.5059523809523809,0.45604395604395603,1.731958762886598,0.49128219926084593,0.4338497600355974,0.5800312499999999,194,926
p0033,20.0,77.0,1.0,7,0.8258928571428571,0.45103857566765576,0.4920212765957447,1.5044642857142858,0.5200510162546471,0.35752543604651166,0.5441843180973616,224,926
p0034,20.0,78.5,1.0,7,0.7394957983193278,0.4666666666666667,0.4489795918367347,1.3865546218487395,0.45778664526902474,0.3904535495179667,0.5562919557896164,238,926
p0035,20.0,80.0,1.0,7,0.8485915492957746,0.34153005464480873,0.589242053789731,1.2887323943661972,0.6051693857039887,0.2664852716861294,0.4331287378029587,284,926
p0036,20.0,81.5,1.0,7,0.9470899470899471,0.5707434052757794,0.41920374707259955,2.2063492063492065,0.43090228731444996,0.4913589785296031,0.655937697659709,189,926
p0037,20.0,83.0,1.0,7,0.7955390334572491,0.407202216066482,0.5144230769230769,1.342007434944238,0.519346698804097,0.340817355773352,0.4875814502915063,269,926
p0038,20.0,84.5,1.0,7,0.785234899328859,0.4278728606356968,0.49471458773784355,1.3724832214765101,0.4614156595719827,0.36222178477690287,0.5012309451964625,298,926
p0039,20.0,86.0,1.0,7,0.8793969849246231,0.5862884160756501,0.39149888143176736,2.1256281407035176,0.3820881315349175,0.521609899281655,0.6604360996412374,199,926
p0040,21.5,69.5,1.0,7,0.9037037037037037,0.5892255892255892,0.3935483870967742,2.2,0.4557062549633882,0.49828637667758996,0.6713631790744468,135,926
p0041,21.5,71.0,1.0,7,0.68125,0.47342995169082125,0.42248062015503873,1.29375,0.49571275063778775,0.3809314954051796,0.5537764976958525,160,926
p0042,21.5,72.5,1.0,7,0.8642533936651584,0.3547297297297297,0.5858895705521472,1.339366515837104,0.6406829352418729,0.27707048667109385,0.4344351389878831,221,926
p0043,21.5,74.0,1.0,7,0.9166666666666666,0.5045045045045045,0.47413793103448276,1.85,0.5228658794114169,0.4181504702194357,0.5971809231726559,180,926
p0044,21.5,75.5,1.0,7,0.8258706467661692,0.49696969696969695,0.4547945205479452,1.6417910447761195,0.4867677122151479,0.4207477603754038,0.5740740740740741,201,926
p0045,21.5,77.0,1.0,7,0.810077519379845,0.31699346405228757,0.5887323943661972,1.186046511627907,0.6289575374346814,0.23500271475440138,0.4101784173696319,258,926
p0046,21.5,78.5,1.0,7,0.784452296819788,0.3373134328358209,0.5606060606060606,1.1837455830388692,0.5789347145492842,0.26666259168704154,0.42355210894647244,283,926
p0047,21.5,80.0,1.0,7,0.8167330677290837,0.3787878787878788,0.5452127659574468,1.3147410358565736,0.5747342525500475,0.29594936405853534,0.4766494507296278,251,926
p0048,21.5,81.5,1.0,7,0.8398268398268398,0.44886363636363635,0.4987146529562982,1.5238095238095237,0.5213315872906472,0.3746764687039529,0.535535298035298,231,926
p0049,21.5,83.0,1.0,7,0.8152610441767069,0.4297752808988764,0.5049751243781094,1.429718875502008,0.5187939687994526,0.3674259896729776,0.5045613878250068,249,926
p0050,21.5,84.5,1.0,7,0.8268551236749117,0.3922077922077922,0.5391705069124424,1.3604240282685511,0.5377603841680436,0.3203046875,0.47789348925410874,283,926
p0051,21.5,86.0,1.0,7,0.8133704735376045,0.2912621359223301,0.6096033402922756,1.1476323119777159,0.5858656398727669,0.23154848274556808,0.3599221905440722,359,926
p0052,23.0,69.5,1.0,7,0.7876106194690266,0.591743119266055,0.3677685950413223,1.9292035398230087,0.44923378350010496,0.4981834252087549,0.6856653505216641,113,926
p0053,23.0,71.0,1.0,7,0.6811594202898551,0.48066298342541436,0.4177777777777778,1.3115942028985508,0.5057570547348006,0.39221466109688724,0.575,138,926
p0054,23.0,72.5,1.0,7,0.7636363636363637,0.42201834862385323,0.490272373540856,1.3212121212121213,0.5709293359460664,0.33962264150943394,0.529449666464524,165,926
p0055,23.0,74.0,1.0,7,0.8587570621468926,0.4812286689419795,0.4779874213836478,1.655367231638418,0.5362988615315929,0.3917064693086163,0.5772515993602559,177,926
p0056,23.0,75.5,1.0,7,0.7440758293838863,0.4471830985915493,0.46449704142011833,1.3459715639810426,0.5048888993920632,0.37350466021174555,0.5270095238095238,211,926
p0057,23.0,77.0,1.0,7,0.7578125,0.3333333333333333,0.5495750708215298,1.13671875,0.5881912007383996,0.25916134826307946,0.41135242116374193,256,926
p0058,23.0,78.5,1.0,7,0.8368200836820083,0.3333333333333333,0.5899705014749262,1.2552301255230125,0.6381531230145566,0.25939438753426636,0.4106345960683025,239,926
p0059,23.0,80.0,1.0,7,0.8738738738738738,0.39751552795031053,0.5542857142857143,1.4504504504504505,0.5995964254828481,0.3245368965060982,0.49258020243609535,222,926
p0060,23.0,81.5,1.0,7,0.8362989323843416,0.3543956043956044,0.573170731707317,1.295373665480427,0.5873461301444861,0.2784170975147828,0.4452412620267069,281,926
p0061,23.0,83.0,1.0,7,0.8222996515679443,0.2997032640949555,0.6082474226804123,1.1742160278745644,0.6338264140733534,0.23512726797517872,0.3760883084577114,287,926
p0062,23.0,84.5,1.0,7,0.828125,0.3026315789473684,0.6091954022988506,1.1875,0.6113086419753087,0.23912778366914106,0.3806564712824547,320,926
p0063,23.0,86.0,1.0,7,0.7705479452054794,0.38016528925619836,0.5232558139534884,1.2431506849315068,0.5188549645408047,0.30974891567622376,0.45577085509286586,292,926
p0064,23.0,87.5,1.0,7,0.8317152103559871,0.35910224438902744,0.5673289183222958,1.2977346278317152,0.5569399622109061,0.3062795568554666,0.4303533199393979,309,926
p0065,24.5,69.5,1.0,7,0.4084507042253521,0.5,0.29,0.8169014084507042,0.4088546817961121,0.3379107981220657,0.6666666666666666,71,926
p0066,24.5,71.0,1.0,7,0.5656565656565656,0.504424778761062,0.358974358974359,1.1414141414141414,0.46762639561222963,0.3899845132743363,0.6326530612244898,99,926
p0067,24.5,72.5,1.0,7,0.7696629213483146,0.3568075117370892,0.5393700787401575,1.196629213483146,0.6214967963722496,0.2741686065846358,0.4514331797235023,178,926
p0068,24.5,74.0,1.0,7,0.7241379310344828,0.45454545454545453,0.45161290322580644,1.3275862068965518,0.5191520557150712,0.35603756568112305,0.550035046728972,174,926
p0069,24.5,75.5,1.0,7,0.73125,0.4935064935064935,0.42700729927007297,1.44375,0.49545716407654455,0.42677545327754535,0.575301511188608,160,926
p0070,24.5,77.0,1.0,7,0.7534246575342466,0.37735849056603776,0.5172413793103449,1.2100456621004567,0.5706173181497919,0.32372571330690547,0.44567838225557266,219,926
p0071,24.5,78.5,1.0,7,0.8333333333333334,0.47653429602888087,0.4738562091503268,1.5919540229885059,0.5358901721507954,0.4017976569346432,0.5616465644272226,174,926
p0072,24.5,80.0,1.0,7,0.8202764976958525,0.38620689655172413,0.541033434650456,1.336405529953917,0.5930819330543446,0.3144587584791655,0.47298070971735096,217,926
p0073,24.5,81.5,1.0,7,0.8719211822660099,0.4139072847682119,0.5396341463414634,1.4876847290640394,0.5947283909824994,0.33945079194852334,0.49015727931488795,203,926
p0074,24.5,83.0,1.0,7,0.8311688311688312,0.3684210526315789,0.5597667638483965,1.316017316017316,0.6060817777677611,0.3115631030690378,0.44535183066361556,231,926
p0075,24.5,84.5,1.0,7,0.8411214953271028,0.4461538461538462,0.5013927576601671,1.5186915887850467,0.5395901270506147,0.37859712843598664,0.52671083393797,214,926
p0076,24.5,86.0,1.0,7,0.8347107438016529,0.43575418994413406,0.507537688442211,1.4793388429752066,0.5252871879642611,0.37658278901392933,0.5000475285171102,242,926
p0077,24.5,87.5,1.0,7,0.8340425531914893,0.5299760191846523,0.4298245614035088,1.774468085106383,0.409557536013655,0.4669566975946357,0.5973584487534627,235,926
p0078,24.5,92.0,1.0,7,0.9333333333333333,0.2523020257826888,0.7097902097902098,1.2482758620689656,0.645176331546704,0.20733566731966563,0.3042864234992643,435,926
p0079,24.5,93.5,1.0,7,0.9154929577464789,0.4080145719489982,0.5613126079447323,1.5464788732394366,0.4741859186164529,0.35329887491177814,0.46786670339642206,355,926
p0080,26.0,71.0,1.0,7,0.4148936170212766,0.5185185185185185,0.2867647058823529,0.8617021276595744,0.3882251978586315,0.3837494664959453,0.661312118570183,94,926
p0081,26.0,72.5,1.0,7,0.532608695652174,0.608,0.2916666666666667,1.358695652173913,0.3807307999235706,0.48835414872236577,0.7368421052631579,92,926
p0082,26.0,74.0,1.0,7,0.7798165137614679,0.5114942528735632,0.4292929292929293,1.5963302752293578,0.5331286865423913,0.41006859108986105,0.6304131543721282,109,926
p0083,26.0,75.5,1.0,7,0.6857142857142857,0.40594059405940597,0.4669260700389105,1.1542857142857144,0.544320802293087,0.32164096547100235,0.4888937409024745,175,926
p0084,26.0,77.0,1.0,7,0.7784090909090909,0.40948275862068967,0.5055350553505535,1.3181818181818181,0.5810011345831757,0.34320873510211414,0.4932254491754861,176,926
p0085,26.0,78.5,1.0,7,0.782608695652174,0.3793103448275862,0.5294117647058824,1.2608695652173914,0.5901067891329608,0.3116341966796698,0.4485228275539867,207,926
p0086,26.0,80.0,1.0,7,0.8135593220338984,0.4744525547445255,0.46905537459283386,1.5480225988700564,0.5292455478277142,0.4193478463546523,0.5429790061358447,177,926
p0087,26.0,81.5,1.0,7,0.8902439024390244,0.5117056856187291,0.4605678233438486,1.8231707317073171,0.5211300829235542,0.4305907108935664,0.6109166857404441,164,926
p0088,26.0,83.0,1.0,7,0.8666666666666667,0.5873015873015873,0.3880597014925373,2.1,0.4351810526942188,0.5172384270193671,0.6667410714285713,150,926
p0089,26.0,84.5,1.0,7,0.8647058823529412,0.5676470588235294,0.4049586776859504,2.0,0.43919699433634274,0.4958122020810932,0.6487465920155794,170,926
p0090,26.0,86.0,1.0,7,0.8296943231441049,0.45558739255014324,0.4896907216494845,1.5240174672489082,0.5115747523882084,0.391304347826087,0.5371433397683397,229,926
p0091,26.0,87.5,1.0,7,0.8483606557377049,0.47858942065491183,0.4769585253456221,1.6270491803278688,0.4742715654153015,0.40553264604810996,0.5584898302337831,244,926
p0092,26.0,90.5,1.0,7,0.9276139410187667,0.33204633204633205,0.634862385321101,1.388739946380697,0.5798950387335342,0.27933911265992684,0.3856409462955529,373,926
p0093,26.0,92.0,1.0,7,0.9260355029585798,0.41275797373358347,0.5609318996415771,1.5769230769230769,0.49159417172002384,0.35401100363829974,0.47864219114219114,338,926
p0094,26.0,93.5,1.0,7,0.8888888888888888,0.4942528735632184,0.4756756756756757,1.7575757575757576,0.3989507635069124,0.455198294475666,0.5372957125052239,297,926
p0095,26.0,95.0,1.0,7,0.7892561983471075,0.18550106609808104,0.6690017513134852,0.96900826446281,0.5915525828148411,0.1454566587343557,0.23373663668759545,484,926
p0096,27.5,69.5,1.0,7,0.23636363636363636,0.6285714285714286,0.16883116883116883,0.6363636363636364,0.25444710026418416,0.4218544407894737,0.8500462962962962,55,926
p0097,27.5,71.0,1.0,7,0.425,0.5526315789473685,0.2786885245901639,0.95,0.3840478926044627,0.46066523987872304,0.6666666666666666,80,926
p0098,27.5,72.5,1.0,7,0.5,0.625,0.2727272727272727,1.3333333333333333,0.36770228747012634,0.5462752525252526,0.7241796440489432,78,926
p0099,27.5,74.0,1.0,7,0.5664335664335665,0.4968944099378882,0.3632286995515695,1.1258741258741258,0.44154796184457523,0.41376296117675426,0.5888090103043373,143,926
p0100,27.5,75.5,1.0,7,0.6441717791411042,0.4951923076923077,0.39473684210526316,1.2760736196319018,0.45932007920562273,0.40564386792452833,0.5977722094424361,163,926
p0101,27.5,77.0,1.0,7,0.6947368421052632,0.43829787234042555,0.45051194539249145,1.236842105263158,0.5099884963023829,0.3574507246376811,0.5339429361488185,190,926
p0102,27.5,78.5,1.0,7,0.7329545454545454,0.4980544747081712,0.4243421052631579,1.4602272727272727,0.4780897537472544,0.44334712716855007,0.560545827698294,176,926
p0103,27.5,80.0,1.0,7,0.8392857142857143,0.5236486486486487,0.43653250773993807,1.7619047619047619,0.4896186645992829,0.44239811912225707,0.600032679738562,168,926
p0104,27.5,81.5,1.0,7,0.8522727272727273,0.5192307692307693,0.4437869822485207,1.7727272727272727,0.49106599934515177,0.4416662259361117,0.6024781529551683,176,926
p0105,27.5,83.0,1.0,7,0.8322981366459627,0.5927051671732523,0.37640449438202245,2.0434782608695654,0.40893956906515777,0.516482612781955,0.6735583773593178,161,926
p0106,27.5,84.5,1.0,7,0.896551724137931,0.5796766743648961,0.4008810572687225,2.1330049261083746,0.3903441465079465,0.5227173433362754,0.6403753594199275,203,926
p0107,27.5,92.0,1.0,7,0.91875,0.2852512155591572,0.6722560975609756,1.2854166666666667,0.5298959627109199,0.23786855854932895,0.337729389785017,480,926
p0108,27.5,93.5,1.0,7,0.988399071925754,0.4517374517374517,0.5447570332480819,1.802784222737819,0.26552801258371694,0.39459725962882836,0.5153288449427578,431,926
p0109,27.5,95.0,1.0,7,0.8752941176470588,0.32972972972972975,0.6118421052631579,1.3058823529411765,0.49846005553898054,0.28139772136544794,0.3821661959514553,425,926
p0110,27.5,96.5,1.0,7,0.8837209302325582,0.4020979020979021,0.5542949756888168,1.4780361757105944,0.4281460389035854,0.34954342286645224,0.4570497834668302,387,926
p0111,29.0,72.5,1.0,7,0.46987951807228917,0.6285714285714286,0.26174496644295303,1.2650602409638554,0.34979381838144236,0.5402072839984502,0.696969696969697,83,926
p0112,29.0,74.0,1.0,7,0.5686274509803921,0.6054421768707483,0.3036649214659686,1.4411764705882353,0.3860089936486096,0.5443016447085164,0.6696739376130199,102,926
p0113,29.0,75.5,1.0,7,0.5808823529411765,0.5797872340425532,0.3224489795918367,1.3823529411764706,0.38238886567452024,0.48329188481675395,0.6886690903906473,136,926
p0114,29.0,77.0,1.0,7,0.6818181818181818,0.5661157024793388,0.36082474226804123,1.5714285714285714,0.410473713033954,0.4907726158006922,0.6408517021542564,154,926
p0115,29.0,78.5,1.0,7,0.8655913978494624,0.47896440129449835,0.4820359281437126,1.6612903225806452,0.5335243519634735,0.40063066990614654,0.5650347920210298,186,926
p0116,29.0,80.0,1.0,7,0.8367346938775511,0.3653250773993808,0.5647382920110193,1.3183673469387756,0.6020973733879433,0.29558577066551334,0.4498233857803262,245,926
p0117,29.0,95.0,1.0,7,0.9153225806451613,0.31316187594553707,0.6458036984352774,1.3326612903225807,0.4452955469483003,0.25897436200154894,0.37441599550774485,496,926
p0118,29.0,96.5,1.0,7,0.899641577060932,0.5649913344887348,0.41487603305785126,2.068100358422939,0.3035671036138435,0.5119956081081081,0.6179411325544067,279,926
p0119,30.5,74.0,1.0,7,0.7159090909090909,0.6735751295336787,0.2889908256880734,2.1931818181818183,0.3655796108522883,0.604516669770907,0.743248549596717,88,926
p0120,30.5,75.5,1.0,7,0.678082191780822,0.5942622950819673,0.3402061855670103,1.6712328767123288,0.3866957349633657,0.5214663078149919,0.6698478154148256,146,926
p0121,30.5,77.0,1.0,7,0.7653061224489796,0.4584837545126354,0.46439628482972134,1.413265306122449,0.5136879428318165,0.3954194552072326,0.5238152472527473,196,926
p0122,30.5,78.5,1.0,7,0.8340425531914893,0.49743589743589745,0.4568764568764569,1.6595744680851063,0.45439878619294477,0.44042235630358845,0.5660128509145701,235,926
p0123,30.5,80.0,1.0,7,0.590047393364929,0.2719298245614035,0.48349514563106794,0.8104265402843602,0.4118753820293399,0.1822797113305201,0.3838231310942578,422,926
p0124,32.0,75.5,1.0,7,0.8138297872340425,0.501628664495114,0.4473684210526316,1.6329787234042554,0.4896628545101447,0.4314033749422099,0.5644275172039116,188,926
p0125,32.0,77.0,1.0,7,0.9164086687306502,0.42857142857142855,0.5431192660550459,1.6037151702786379,0.4808505464517785,0.3608826327203782,0.502326005217925,323,926
p0126,32.0,78.5,1.0,7,0.8402366863905325,0.69593147751606,0.2874493927125506,2.7633136094674557,0.24388874712936973,0.6363547411492617,0.7607768217513381,169,926
p0127,33.5,74.0,1.0,7,0.7615384615384615,0.4326647564469914,0.48175182481751827,1.3423076923076922,0.48428307718052366,0.38009669649982897,0.48611248353096176,260,926
p0128,33.5,75.5,1.0,7,0.8547717842323651,0.5381165919282511,0.4282744282744283,1.8506224066390042,0.39540349960825283,0.4777078075454604,0.5937550620950324,241,926
p0129,33.5,77.0,1.0,7,0.4533333333333333,0.6263736263736264,0.25757575757575757,1.2133333333333334,0.282147829388685,0.5414627408705026,0.7114138438880706,150,926
p0130,33.5,78.5,1.0,7,0.7872340425531915,0.7289377289377289,0.2525597269624573,2.904255319148936,0.2971183773629375,0.6577906976744186,0.7978485609508996,94,926
p0131,35.0,74.0,1.0,7,0.8071065989847716,0.6497797356828194,0.3231707317073171,2.3045685279187818,0.27265479419742894,0.5813329199175804,0.7087649896411266,197,926
p0132,35.0,75.5,1.0,7,0.7700534759358288,0.6230366492146597,0.3388235294117647,2.0427807486631018,0.32242608573377846,0.5633004364536512,0.6763216413675699,187,926
p0133,35.0,77.0,1.0,7,0.7241379310344828,0.8813559322033898,0.11351351351351352,6.103448275862069,0.10785788137982893,0.834613055307096,0.9214208587398374,58,926
p0134,35.0,78.5,1.0,7,0.5942028985507246,0.8101851851851852,0.1680327868852459,3.130434782608696,0.19702522831927963,0.7422680412371134,0.8764262002042901,69,926
p0135,35.0,80.0,1.0,7,0.5321100917431193,0.7444933920704846,0.20863309352517986,2.0825688073394497,0.22140263711064398,0.656714170113289,0.8177547754151857,109,926
p0136,36.5,72.5,1.0,7,0.14285714285714285,0.9655172413793104,0.02857142857142857,4.142857142857143,-0.04639723477798458,0.9282492629388301,0.9915992538094076,56,926
p0137,36.5,74.0,1.0,7,0.544973544973545,0.6294964028776978,0.28296703296703296,1.470899470899471,0.26170736624734997,0.5559343434343434,0.7010318450306343,189,926
p0138,36.5,75.5,1.0,7,0.5317073170731708,0.6414473684210527,0.2725,1.4829268292682927,0.22275551350758882,0.5694353070175439,0.7134220102281668,205,926
p0000,9.5,77.0,2.5,1,0.9508196721311475,0.4010327022375215,0.5809682804674458,1.5874316939890711,0.48536191129907225,0.3446846215290773,0.4550553836853709,366,926
p0001,9.5,78.5,2.5,1,0.75,0.5063291139240507,0.42391304347826086,1.5192307692307692,0.4922510294026361,0.4358974358974359,0.587964263420724,156,926
p0002,11.0,77.0,2.5,1,0.7613636363636364,0.7351778656126482,0.24452554744525548,2.875,0.29330698500947505,0.6468123181748584,0.8238159524147871,88,926
p0003,11.0,78.5,2.5,1,0.751937984496124,0.526829268292683,0.4092827004219409,1.5891472868217054,0.4943719431811977,0.4502145228302399,0.6114654377880184,129,926
p0004,12.5,75.5,2.5,1,0.9150943396226415,0.224,0.7238805970149254,1.179245283018868,0.6824829017848868,0.17461051574885272,0.281255787037037,424,926
p0005,12.5,77.0,2.5,1,0.7342657342657343,0.6022727272727273,0.347682119205298,1.8461538461538463,0.39470697927519593,0.5363067750607787,0.6729568486433475,143,926
p0006,12.5,78.5,2.5,1,0.7516339869281046,0.5306122448979592,0.40636042402826855,1.6013071895424837,0.47009653311896665,0.46558704453441296,0.5979614421340789,153,926
p0007,12.5,80.0,2.5,1,0.8208955223880597,0.5970695970695971,0.37037037037037035,2.037313432835821,0.42985927735596835,0.5338983050847458,0.6579086360266865,134,926
p0008,14.0,75.5,2.5,1,0.7219730941704036,0.4486301369863014,0.4548022598870056,1.3094170403587444,0.484454419052784,0.3724908605868985,0.5204475625344482,223,926
p0009,14.0,77.0,2.5,1,0.8373983739837398,0.5846774193548387,0.3843283582089552,2.016260162601626,0.45922318413806285,0.5202952029520295,0.6602957414102925,123,926
p0010,14.0,78.5,2.5,1,0.7111111111111111,0.5514018691588785,0.3794466403162055,1.5851851851851853,0.45220313948318347,0.4646374458874459,0.6340451478982875,135,926
p0011,14.0,80.0,2.5,1,0.7454545454545455,0.525096525096525,0.40863787375415284,1.5696969696969696,0.4633701661056018,0.4412529713241457,0.620717868338558,165,926
p0012,15.5,74.0,2.5,1,0.9598853868194842,0.2042755344418052,0.7701149425287356,1.2063037249283668,0.7790830275645216,0.13756521256521256,0.28698217556714106,349,926
p0013,15.5,75.5,2.5,1,0.7219251336898396,0.5212765957446809,0.4041916167664671,1.5080213903743316,0.43960027491743353,0.4430379746835443,0.5863195111663113,187,926
p0014,15.5,77.0,2.5,1,0.7310924369747899,0.6217391304347826,0.3320610687022901,1.9327731092436975,0.3963134327246176,0.5392202990411182,0.6986330028085058,119,926
p0015,15.5,78.5,2.5,1,0.7398843930635838,0.5223880597014925,0.40894568690095845,1.5491329479768785,0.45725799808641543,0.4444444444444444,0.603448275862069,173,926
p0016,15.5,80.0,2.5,1,0.7310344827586207,0.5655737704918032,0.3745583038869258,1.6827586206896552,0.4337545862209539,0.4864784745219528,0.6509590099270265,145,926
p0017,17.0,74.0,2.5,1,0.9217391304347826,0.3556231003039514,0.6109510086455331,1.4304347826086956,0.6587167684974364,0.2832423191599689,0.4432724003596044,230,926
p0018,17.0,75.5,2.5,1,0.6962962962962963,0.5627906976744186,0.3671875,1.5925925925925926,0.43615109941740277,0.48338453634190326,0.6524386691358539,135,926
p0019,17.0,77.0,2.5,1,0.7027027027027027,0.59375,0.3466666666666667,1.7297297297297298,0.39162264353329224,0.5117612859097127,0.6781459777704413,148,926
p0020,17.0,78.5,2.5,1,0.6214285714285714,0.5515463917525774,0.3522267206477733,1.3857142857142857,0.41889835427746663,0.47861247947454844,0.6303124999999999,140,926
p0021,17.0,80.0,2.5,1,0.7125,0.5269709543568465,0.397212543554007,1.50625,0.4554903706926439,0.45966958281089704,0.5942049689440994,160,926
p0022,17.0,81.5,2.5,1,0.8198757763975155,0.5714285714285714,0.3916913946587537,1.9130434782608696,0.43354281178569937,0.5118959217350306,0.6333408408408409,161,926
p0023,18.5,74.0,2.5,1,0.7590361445783133,0.39712918660287083,0.5060240963855421,1.2590361445783131,0.5900914842619718,0.30566852228407615,0.49433646489648964,166,926
p0024,18.5,75.5,2.5,1,0.8297872340425532,0.5551330798479087,0.4076655052264808,1.8652482269503545,0.4751581993612013,0.4574851384659997,0.6476614482818216,141,926
p0025,18.5,77.0,2.5,1,0.8451612903225807,0.49224806201550386,0.4645390070921986,1.664516129032258,0.5377011023018072,0.41051739518287245,0.5714463397299218,155,926
p0026,18.5,78.5,2.5,1,0.7741935483870968,0.5330739299610895,0.410958904109589,1.6580645161290322,0.47233320743965385,0.4578447563996697,0.614635265159991,155,926
p0027,18.5,80.0,2.5,1,0.726457399103139,0.4022140221402214,0.4879518072289157,1.2152466367713004,0.532292663216253,0.3322231018243059,0.4782608695652174,223,926
p0028,18.5,81.5,2.5,1,0.8174273858921162,0.3746031746031746,0.5487465181058496,1.3070539419087137,0.5867733991504741,0.3042128415190282,0.4489219775501441,241,926
p0029,18.5,83.0,2.5,1,0.8363636363636363,0.5792682926829268,0.38873239436619716,1.9878787878787878,0.4230413635084616,0.5026703464027408,0.6503849237063246,165,926
p0030,20.0,72.5,2.5,1,0.9311740890688259,0.267515923566879,0.6948640483383686,1.271255060728745,0.7433213491780333,0.20060185185185186,0.3322667446763244,247,926
p0031,20.0,74.0,2.5,1,0.8248175182481752,0.48868778280542985,0.46122448979591835,1.6131386861313868,0.5488828362009788,0.42196857762017337,0.5507200307035107,137,926
p0032,20.0,75.5,2.5,1,0.8,0.4827586206896552,0.4580152671755725,1.5466666666666666,0.5372150972083398,0.41063022813688216,0.5534185284828634,150,926
p0033,20.0,77.0,2.5,1,0.7914438502673797,0.3884297520661157,0.5266903914590747,1.2941176470588236,0.5985016919536033,0.3201504737270402,0.463692910211369,187,926
p0034,20.0,78.5,2.5,1,0.7925531914893617,0.3967611336032389,0.5209790209790209,1.3138297872340425,0.5906858791113061,0.3148784194528875,0.48936170212765956,188,926
p0035,20.0,80.0,2.5,1,0.8318965517241379,0.31802120141342755,0.5993788819875776,1.2198275862068966,0.6543356347915666,0.25537065637065637,0.3956043956043956,232,926
p0036,20.0,81.5,2.5,1,0.852760736196319,0.5412541254125413,0.42507645259938837,1.8588957055214723,0.47680156759973313,0.4719092345505618,0.6288520801232665,163,926
p0037,20.0,83.0,2.5,1,0.7227272727272728,0.44405594405594406,0.45821325648414984,1.3,0.4920342207542105,0.387570962248084,0.5195327221797809,220,926
p0038,20.0,84.5,2.5,1,0.7575757575757576,0.46646341463414637,0.4557291666666667,1.41991341991342,0.4713601276161028,0.39409569847379694,0.535568774445893,231,926
p0039,20.0,86.0,2.5,1,0.8603351955307262,0.5375375375375375,0.4301675977653631,1.8603351955307263,0.4677231204458746,0.4782578997386553,0.6058091286307054,179,926
p0040,21.5,69.5,2.5,1,0.8613861386138614,0.48520710059171596,0.47540983606557374,1.6732673267326732,0.5882194902770959,0.37591635338345863,0.5882645111024543,101,926
p0041,21.5,71.0,2.5,1,0.7153846153846154,0.3007518796992481,0.5470588235294118,1.023076923076923,0.6587735334373415,0.22058200398803587,0.39364054132291215,130,926
p0042,21.5,72.5,2.5,1,0.7593582887700535,0.26424870466321243,0.5966386554621849,1.032085561497326,0.682171484958777,0.2030356224423623,0.3311810154525386,187,926
p0043,21.5,74.0,2.5,1,0.8552631578947368,0.4491525423728814,0.5038759689922481,1.5526315789473684,0.5877917814317113,0.3717202692595363,0.5388036680189318,152,926
p0044,21.5,75.5,2.5,1,0.8782051282051282,0.4541832669322709,0.5074074074074074,1.608974358974359,0.5875071172589342,0.3933799871299871,0.5245372662853239,156,926
p0045,21.5,77.0,2.5,1,0.8238095238095238,0.32421875,0.590443686006826,1.2190476190476192,0.6570328028741096,0.238579534337703,0.4112562840385421,210,926
p0046,21.5,78.5,2.5,1,0.7610619469026548,0.3484848484848485,0.5408805031446541,1.168141592920354,0.5957202492733514,0.263841885007278,0.4438460426305353,226,926
p0047,21.5,80.0,2.5,1,0.8627450980392157,0.34814814814814815,0.5906040268456376,1.3235294117647058,0.6563735688822377,0.2829474413990127,0.41532764398291355,204,926
p0048,21.5,81.5,2.5,1,0.8729281767955801,0.4233576642335766,0.531986531986532,1.5138121546961325,0.6004432827759187,0.3536406025824964,0.506852500796432,181,926
p0049,21.5,83.0,2.5,1,0.875,0.36823104693140796,0.5794701986754967,1.385,0.6446017249820188,0.32326111679092046,0.4266936416184971,200,926
p0050,21.5,84.5,2.5,1,0.7711864406779662,0.38095238095238093,0.5229885057471264,1.2457627118644068,0.5633217049418769,0.3103398300849575,0.4615448504983389,236,926
p0051,21.5,86.0,2.5,1,0.768976897689769,0.3044776119402985,0.5753086419753086,1.1056105610561056,0.5892701494153871,0.24648367543738808,0.3783037936231613,303,926
p0052,23.0,69.5,2.5,1,0.6823529411764706,0.41414141414141414,0.4603174603174603,1.1647058823529413,0.5899292756945439,0.3191412272587111,0.5362669471715755,85,926
p0053,23.0,71.0,2.5,1,0.7319587628865979,0.3826086956521739,0.5035460992907801,1.1855670103092784,0.627475546258089,0.2966931216931217,0.4835253456221198,97,926
p0054,23.0,72.5,2.5,1,0.8064516129032258,0.3197278911564626,0.5847953216374269,1.185483870967742,0.6934775514009978,0.2411548107615139,0.42106203007518794,124,926
p0055,23.0,74.0,2.5,1,0.8402777777777778,0.4097560975609756,0.5307017543859649,1.4236111111111112,0.6248797958611917,0.3377002288329519,0.5029708222811671,144,926
p0056,23.0,75.5,2.5,1,0.7670454545454546,0.38636363636363635,0.5172413793103449,1.25,0.5966341234062561,0.30581919467431007,0.47313242784380305,176,926
p0057,23.0,77.0,2.5,1,0.7941176470588235,0.3493975903614458,0.5567010309278351,1.2205882352941178,0.6242237783356298,0.2784587866728758,0.42860275689223054,204,926
p0058,23.0,78.5,2.5,1,0.8325123152709359,0.3073770491803279,0.6079136690647482,1.2019704433497538,0.6794300922955745,0.2461387900355872,0.3716990039619358,203,926
p0059,23.0,80.0,2.5,1,0.9032258064516129,0.35384615384615387,0.60431654676259,1.3978494623655915,0.6779395211777055,0.2786755368275225,0.44027777777777766,186,926
p0060,23.0,81.5,2.5,1,0.8290598290598291,0.3120567375886525,0.6024844720496895,1.205128205128205,0.6572750404811474,0.25212121212121213,0.3882516339869281,234,926
p0061,23.0,83.0,2.5,1,0.8475336322869955,0.29739776951672864,0.6237623762376238,1.2062780269058295,0.6854638309029909,0.2482844972851526,0.3593944564176245,223,926
p0062,23.0,84.5,2.5,1,0.8068181818181818,0.2947019867549669,0.603399433427762,1.143939393939394,0.6444907585147809,0.23437148085585585,0.37768690823313567,264,926
p0063,23.0,86.0,2.5,1,0.7647058823529411,0.36585365853658536,0.5306122448979592,1.2058823529411764,0.5734769896263068,0.30610827664399093,0.44224600445838214,238,926
p0064,23.0,87.5,2.5,1,0.8239700374531835,0.34718100890207715,0.5729166666666666,1.2621722846441947,0.5996689038503108,0.2968707074175824,0.40118179044025853,267,926
p0065,24.5,69.5,2.5,1,0.5517241379310345,0.36,0.42105263157894735,0.8620689655172413,0.5675101902173914,0.20584893048128342,0.5555555555555556,58,926
p0066,24.5,71.0,2.5,1,0.6282051282051282,0.4024390243902439,0.44144144144144143,1.0512820512820513,0.5758820400685538,0.2837280241406455,0.5333333333333333,78,926
p0067,24.5,72.5,2.5,1,0.7214285714285714,0.2462686567164179,0.5838150289017341,0.9571428571428572,0.6916245767885886,0.18655042097206279,0.3218486590038314,140,926
p0068,24.5,74.0,2.5,1,0.7724137931034483,0.3879781420765027,0.5185185185185185,1.2620689655172415,0.6157952269626343,0.3096081670766965,0.46853693181818185,145,926
p0069,24.5,75.5,2.5,1,0.8098591549295775,0.37158469945355194,0.5476190476190477,1.2887323943661972,0.6466756098932436,0.2864411126454922,0.46953909612625533,142,926
p0070,24.5,77.0,2.5,1,0.764367816091954,0.38425925925925924,0.5175097276264592,1.2413793103448276,0.5984781726882352,0.31913481453586895,0.4540474137931034,174,926
p0071,24.5,78.5,2.5,1,0.8321678321678322,0.4590909090909091,0.48770491803278687,1.5384615384615385,0.5763456287653083,0.3718518048960398,0.5505658687510178,143,926
p0072,24.5,80.0,2.5,1,0.813953488372093,0.3832599118942731,0.5405405405405406,1.319767441860465,0.6218280905740152,0.2964016137428423,0.475,172,926
p0073,24.5,81.5,2.5,1,0.8333333333333334,0.43722943722943725,0.5058365758754864,1.4807692307692308,0.5892207202486989,0.35468626590609914,0.536371976647206,156,926
p0074,24.5,83.0,2.5,1,0.8162162162162162,0.3406113537117904,0.5741444866920152,1.2378378378378379,0.6527120153766818,0.2949861111111111,0.39211720731544514,185,926
p0075,24.5,84.5,2.5,1,0.8323699421965318,0.4330708661417323,0.508833922261484,1.4682080924855492,0.5814423871122991,0.3803270042194093,0.49549756034925524,173,926
p0076,24.5,86.0,2.5,1,0.7959183673469388,0.390625,0.527027027027027,1.3061224489795917,0.5925832809553739,0.31641723197426397,0.4723417308445373,196,926
p0077,24.5,87.5,2.5,1,0.7777777777777778,0.5180327868852459,0.42363112391930835,1.6137566137566137,0.4587232649625607,0.45452010814464344,0.5767742505968698,189,926
p0078,24.5,92.0,2.5,1,0.8829787234042553,0.3025210084033613,0.6384615384615384,1.2659574468085106,0.5960835266821346,0.25469441598033926,0.35963162706121415,376,926
p0079,24.5,93.5,2.5,1,0.8810408921933085,0.4814004376367615,0.48466257668711654,1.6988847583643123,0.45275204615276377,0.41959532833659824,0.5426542423277052,269,926
p0080,26.0,71.0,2.5,1,0.5692307692307692,0.39344262295081966,0.4157303370786517,0.9384615384615385,0.5572067018557004,0.25,0.5882352941176471,65,926
p0081,26.0,72.5,2.5,1,0.6447368421052632,0.4731182795698925,0.4083333333333333,1.2236842105263157,0.5381643462257126,0.3635570824524313,0.6139403834000421,76,926
p0082,26.0,74.0,2.5,1,0.7127659574468085,0.464,0.4407894736842105,1.3297872340425532,0.5610003681104777,0.3675200803212852,0.6,94,926
p0083,26.0,75.5,2.5,1,0.8161764705882353,0.3867403314917127,0.5388349514563107,1.3308823529411764,0.6399246858499448,0.3055416666666667,0.4720243243243243,136,926
p0084,26.0,77.0,2.5,1,0.8108108108108109,0.4,0.5263157894736842,1.3513513513513513,0.6198108330038624,0.3192754307292896,0.48470153061224486,148,926
p0085,26.0,78.5,2.5,1,0.8284023668639053,0.3665158371040724,0.56,1.3076923076923077,0.6443957240907409,0.29774763907079344,0.4462809917355372,169,926
p0086,26.0,80.0,2.5,1,0.7956204379562044,0.5,0.44308943089430897,1.5912408759124088,0.5283905456546145,0.43268008474576275,0.5783388165206953,137,926
p0087,26.0,81.5,2.5,1,0.8794326241134752,0.4723404255319149,0.49206349206349204,1.6666666666666667,0.5795477925265868,0.3942967793577549,0.5654458052854651,141,926
p0088,26.0,83.0,2.5,1,0.8842975206611571,0.572,0.4053030303030303,2.0661157024793386,0.4863661736961483,0.515098814229249,0.640194570050847,121,926
p0089,26.0,84.5,2.5,1,0.8203125,0.569672131147541,0.39325842696629215,1.90625,0.4680576437547871,0.48365879138540663,0.6637554585152838,128,926
p0090,26.0,86.0,2.5,1,0.7541899441340782,0.466403162055336,0.45454545454545453,1.4134078212290502,0.5152427793109242,0.3989967877440079,0.549545104510451,179,926
p0091,26.0,87.5,2.5,1,0.8195121951219512,0.46496815286624205,0.47863247863247865,1.5317073170731708,0.5183854666992559,0.3868741317032509,0.5526469583048531,205,926
p0092,26.0,90.5,2.5,1,0.8920634920634921,0.3584474885844749,0.5953389830508474,1.3904761904761904,0.5802277506420024,0.30214272660818714,0.41304347826086957,315,926
p0093,26.0,92.0,2.5,1,0.9146341463414634,0.5087336244541485,0.4697286012526096,1.8617886178861789,0.4486131167832561,0.4582839775561097,0.5547536958910908,246,926
p0094,26.0,93.5,2.5,1,0.8699551569506726,0.5456674473067916,0.42543859649122806,1.9147982062780269,0.4103602311779088,0.4905637915543576,0.5938981078696803,223,926
p0095,26.0,95.0,2.5,1,0.6439024390243903,0.21893491124260356,0.5454545454545454,0.824390243902439,0.5096849969192853,0.17428341013824886,0.2787613376879759,410,926
p0096,27.5,69.5,2.5,1,0.30952380952380953,0.5185185185185185,0.23214285714285715,0.6428571428571429,0.35387661052153313,0.3461206896551724,0.7307692307692307,42,926
p0097,27.5,71.0,2.5,1,0.40350877192982454,0.4888888888888889,0.2911392405063291,0.7894736842105263,0.41944873603367594,0.3333333333333333,0.6578947368421053,57,926
p0098,27.5,72.5,2.5,1,0.6326530612244898,0.5694444444444444,0.34444444444444444,1.469387755102041,0.4796266311077245,0.46247596153846154,0.6981603773584905,49,926
p0099,27.5,74.0,2.5,1,0.5607476635514018,0.40594059405940597,0.40540540540540543,0.9439252336448598,0.5234452670853948,0.3235238832375055,0.5060240963855421,107,926
p0100,27.5,75.5,2.5,1,0.68,0.46875,0.425,1.28,0.5244071278638739,0.3818102995270625,0.5603548984853367,125,926
p0101,27.5,77.0,2.5,1,0.7361111111111112,0.43617021276595747,0.4690265486725664,1.3055555555555556,0.5612899150374278,0.36578750575241603,0.5165835605765484,144,926
p0102,27.5,78.5,2.5,1,0.7777777777777778,0.48623853211009177,0.448,1.5138888888888888,0.5309292730556331,0.42990268015756544,0.5561649082237318,144,926
p0103,27.5,80.0,2.5,1,0.813953488372093,0.5394736842105263,0.4166666666666667,1.7674418604651163,0.49910582209171395,0.47450752393980844,0.6036078531361551,129,926
p0104,27.5,81.5,2.5,1,0.8068965517241379,0.47297297297297297,0.468,1.5310344827586206,0.5529038488067319,0.39720971950424006,0.5569620253164557,145,926
p0105,27.5,83.0,2.5,1,0.8344827586206897,0.5310077519379846,0.42907801418439717,1.7793103448275862,0.5003117060712299,0.44672772459499266,0.6114136741798923,145,926
p0106,27.5,84.5,2.5,1,0.9337349397590361,0.5844504021447721,0.4036458333333333,2.246987951807229,0.434941563321058,0.5307795698924731,0.6444596131968146,166,926
p0107,27.5,92.0,2.5,1,0.8772455089820359,0.40081799591002043,0.5528301886792453,1.464071856287425,0.4960063934448818,0.3447440008869326,0.4580062118126273,334,926
p0108,27.5,93.5,2.5,1,0.9382716049382716,0.563845050215208,0.42398884239888424,2.1512345679012346,0.22550476923388485,0.511517744615607,0.6196880250294348,324,926
p0109,27.5,95.0,2.5,1,0.9166666666666666,0.3306288032454361,0.6309751434034416,1.3694444444444445,0.5890765615587306,0.2868065226018255,0.37924161111738786,360,926
p0110,27.5,96.5,2.5,1,0.9052287581699346,0.42531120331950206,0.5420743639921722,1.5751633986928104,0.5015366778313519,0.37719626971223114,0.47696266678714494,306,926
p0111,29.0,72.5,2.5,1,0.44,0.6140350877192983,0.25882352941176473,1.14,0.37527574907369726,0.47450431723696834,0.75,50,926
p0112,29.0,74.0,2.5,1,0.5333333333333333,0.5294117647058824,0.3333333333333333,1.1333333333333333,0.45292075917583635,0.4142821067821068,0.6531820622986035,75,926
p0113,29.0,75.5,2.5,1,0.61,0.5673758865248227,0.3388888888888889,1.41,0.43480401711067573,0.4833067375886525,0.6557198920775079,100,926
p0114,29.0,77.0,2.5,1,0.7479674796747967,0.5329949238578681,0.40350877192982454,1.6016260162601625,0.49190262166240345,0.4531877106559502,0.6223578311239836,123,926
p0115,29.0,78.5,2.5,1,0.8435374149659864,0.4608695652173913,0.4901185770750988,1.564625850340136,0.5756247291123411,0.3880540264457182,0.5369817162461822,147,926
p0116,29.0,80.0,2.5,1,0.8028169014084507,0.316,0.5856164383561644,1.1737089201877935,0.6522880603777332,0.25305337519623233,0.3870998059665292,213,926
p0117,29.0,95.0,2.5,1,0.9203747072599532,0.32358003442340794,0.6390243902439025,1.360655737704918,0.5298352827090299,0.2688921910227505,0.3787190985659003,427,926
p0118,29.0,96.5,2.5,1,0.8549222797927462,0.5945945945945946,0.3793103448275862,2.1088082901554404,0.37259409081099526,0.528853039476596,0.6589352237237504,193,926
p0119,30.5,74.0,2.5,1,0.6764705882352942,0.6068376068376068,0.33093525179856115,1.7205882352941178,0.44582298356478206,0.4959853211009174,0.7165568298527901,68,926
p0120,30.5,75.5,2.5,1,0.6991150442477876,0.50625,0.4072164948453608,1.415929203539823,0.5084426554898033,0.4152981497459496,0.5951555523287472,113,926
p0121,30.5,77.0,2.5,1,0.6687116564417178,0.42021276595744683,0.45041322314049587,1.1533742331288344,0.5330289908924766,0.33897408304187965,0.5038634195003469,163,926
p0122,30.5,78.5,2.5,1,0.8134715025906736,0.4869281045751634,0.4590643274853801,1.5854922279792747,0.5019450049133906,0.4208484158996105,0.5565654985398415,193,926
p0123,30.5,80.0,2.5,1,0.4574468085106383,0.19626168224299065,0.41148325358851673,0.5691489361702128,0.4089545732878063,0.11926367828112375,0.2982894736842105,376,926
p0124,32.0,75.5,2.5,1,0.7972027972027972,0.4977973568281938,0.4453125,1.5874125874125875,0.5264928087346686,0.41378918495297806,0.5816426179846939,143,926
p0125,32.0,77.0,2.5,1,0.884,0.4738095238095238,0.4922048997772829,1.68,0.48558062472589053,0.4033673590605166,0.5477614423468695,250,926
p0126,32.0,78.5,2.5,1,0.8476190476190476,0.7359050445103857,0.2521246458923513,3.2095238095238097,0.2778490024282026,0.6705422794117647,0.8026439144736842,105,926
p0127,33.5,74.0,2.5,1,0.7,0.39914163090128757,0.4778156996587031,1.165,0.5396447858382235,0.33044559454683164,0.4702468487394958,200,926
p0128,33.5,75.5,2.5,1,0.8571428571428571,0.56875,0.40233236151603496,1.9875776397515528,0.4455348954043334,0.4980577791461412,0.6238551713322356,161,926
p0129,33.5,77.0,2.5,1,0.5172413793103449,0.5108695652173914,0.3358208955223881,1.0574712643678161,0.44964139275840426,0.36363636363636365,0.6501190476190475,87,926
p0130,33.5,78.5,2.5,1,0.7735849056603774,0.6917293233082706,0.2827586206896552,2.509433962264151,0.3910129127723887,0.6,0.7851239669421488,53,926
p0131,35.0,74.0,2.5,1,0.732484076433121,0.5964912280701754,0.3516819571865443,1.8152866242038217,0.386145177328472,0.5068919231659338,0.678327922077922,157,926
p0132,35.0,75.5,2.5,1,0.7547169811320755,0.6694214876033058,0.29850746268656714,2.2830188679245285,0.35747608361875516,0.5874905303030303,0.7522969181437607,106,926
p0133,35.0,77.0,2.5,1,0.6129032258064516,0.8956043956043956,0.0979381443298969,5.870967741935484,0.12854792045344549,0.8244607785831191,0.9470216195381758,31,926
p0134,35.0,78.5,2.5,1,0.55,0.7864077669902912,0.18181818181818182,2.575,0.2617532896326241,0.6694821784646062,0.8925142314990512,40,926
p0135,35.0,80.0,2.5,1,0.3125,0.782608695652174,0.14705882352941177,1.4375,0.19041302381670183,0.6761871227364186,0.8851084538375973,64,926
p0136,36.5,72.5,2.5,1,0.0851063829787234,0.9708029197080292,0.022222222222222223,2.9148936170212765,-0.03472883572689294,0.9379723837209303,0.9930555555555556,47,926
p0137,36.5,74.0,2.5,1,0.5225806451612903,0.5178571428571429,0.3347107438016529,1.0838709677419356,0.39645693836076723,0.42009442653155227,0.6167728373041151,155,926
p0138,36.5,75.5,2.5,1,0.4551282051282051,0.5919540229885057,0.27413127413127414,1.1153846153846154,0.3072282444327714,0.5025523560209424,0.6851947308132875,156,926
p0000,9.5,77.0,2.5,2,0.9508196721311475,0.4180602006688963,0.564935064935065,1.633879781420765,0.4544895016354236,0.35781943824497014,0.4753551951779563,366,926
p0001,9.5,78.5,2.5,2,0.6923076923076923,0.5537190082644629,0.3724137931034483,1.5512820512820513,0.4248918251184122,0.4869822679869724,0.6374332570556827,156,926
p0002,11.0,77.0,2.5,2,0.7272727272727273,0.752895752895753,0.22614840989399293,2.9431818181818183,0.26454097730454273,0.6689354582577133,0.8477821479296406,88,926
p0003,11.0,78.5,2.5,2,0.7131782945736435,0.5619047619047619,0.3724696356275304,1.627906976744186,0.44739618224799216,0.4848277293482773,0.6400041841004184,129,926
p0004,12.5,75.5,2.5,2,0.9268867924528302,0.232421875,0.7237569060773481,1.2075471698113207,0.6788884778990197,0.1776639537441473,0.2948891625615763,424,926
p0005,12.5,77.0,2.5,2,0.6783216783216783,0.6269230769230769,0.31699346405228757,1.8181818181818181,0.3523348660388598,0.5622889270059082,0.694749373433584,143,926
p0006,12.5,78.5,2.5,2,0.738562091503268,0.540650406504065,0.3951048951048951,1.607843137254902,0.45547556407589446,0.4684976877890264,0.6106671220400728,153,926
p0007,12.5,80.0,2.5,2,0.753731343283582,0.6217228464419475,0.33666666666666667,1.992537313432836,0.38528204957133805,0.5627106131665798,0.6794448629814483,134,926
p0008,14.0,75.5,2.5,2,0.7040358744394619,0.43727598566308246,0.45507246376811594,1.251121076233184,0.48860518538972675,0.3630281926497735,0.5097395378384817,223,926
p0009,14.0,77.0,2.5,2,0.7398373983739838,0.6060606060606061,0.34600760456273766,1.8780487804878048,0.41223272738008254,0.5330391280857785,0.6877925363693864,123,926
p0010,14.0,78.5,2.5,2,0.7037037037037037,0.5701357466063348,0.36398467432950193,1.637037037037037,0.4306519597312453,0.4954513593882753,0.6419259940243622,135,926
p0011,14.0,80.0,2.5,2,0.7090909090909091,0.5104602510460251,0.4076655052264808,1.4484848484848485,0.4667958297486062,0.4096301485009807,0.6072055137844611,165,926
p0012,15.5,74.0,2.5,2,0.9627507163323782,0.20190023752969122,0.7741935483870968,1.2063037249283668,0.7835013670132311,0.1355545171339564,0.2845731707317073,349,926
p0013,15.5,75.5,2.5,2,0.6844919786096256,0.5151515151515151,0.39628482972136225,1.411764705882353,0.4337545862209539,0.449421328463096,0.5811537225697923,187,926
p0014,15.5,77.0,2.5,2,0.680672268907563,0.6447368421052632,0.30451127819548873,1.915966386554622,0.3585288588995649,0.5629857638992845,0.7385427029217788,119,926
p0015,15.5,78.5,2.5,2,0.7167630057803468,0.5753424657534246,0.36363636363636365,1.6878612716763006,0.39026817737697156,0.5098747719671634,0.6472744192972008,173,926
p0016,15.5,80.0,2.5,2,0.7034482758620689,0.5584415584415584,0.3722627737226277,1.5931034482758621,0.4335706614127304,0.4809993537841639,0.6402290764790765,145,926
p0017,17.0,74.0,2.5,2,0.9434782608695652,0.3502994011976048,0.6253602305475504,1.4521739130434783,0.6734341768305916,0.2836217018925266,0.42970177232447165,230,926
p0018,17.0,75.5,2.5,2,0.7185185185185186,0.5782608695652174,0.3619402985074627,1.7037037037037037,0.4260538620464678,0.4980683535031361,0.6635416666666666,135,926
p0019,17.0,77.0,2.5,2,0.7297297297297297,0.6043956043956044,0.3450479233226837,1.8445945945945945,0.3857389706120283,0.5266860104604766,0.6783125179443008,148,926
p0020,17.0,78.5,2.5,2,0.6214285714285714,0.546875,0.3551020408163265,1.3714285714285714,0.4232394588287237,0.47337179487179487,0.623703282648856,140,926
p0021,17.0,80.0,2.5,2,0.7,0.5447154471544715,0.38095238095238093,1.5375,0.4330027318359822,0.4536531055593957,0.6244411147737489,160,926
p0022,17.0,81.5,2.5,2,0.7018633540372671,0.6089965397923875,0.3353115727002967,1.795031055900621,0.3590943079081207,0.5470935036867531,0.6761307373210222,161,926
p0023,18.5,74.0,2.5,2,0.7048192771084337,0.43478260869565216,0.45703125,1.2469879518072289,0.5347810058046654,0.3361786874887164,0.5327545923300031,166,926
p0024,18.5,75.5,2.5,2,0.7659574468085106,0.5714285714285714,0.37894736842105264,1.7872340425531914,0.4403286279169825,0.48581140125424077,0.6591372415138509,141,926
p0025,18.5,77.0,2.5,2,0.8129032258064516,0.48360655737704916,0.46153846153846156,1.5741935483870968,0.5367384305424151,0.4119739726027397,0.5641148325358851,155,926
p0026,18.5,78.5,2.5,2,0.7096774193548387,0.5358649789029536,0.3900709219858156,1.5290322580645161,0.44987945648344513,0.45533685064935064,0.6144111935028249,155,926
p0027,18.5,80.0,2.5,2,0.7309417040358744,0.40293040293040294,0.4894894894894895,1.2242152466367713,0.5336228809793268,0.32457726168791745,0.4755714285714286,223,926
p0028,18.5,81.5,2.5,2,0.7427385892116183,0.42443729903536975,0.47989276139410186,1.2904564315352698,0.502715570934256,0.3396066517428845,0.5083204265733439,241,926
p0029,18.5,83.0,2.5,2,0.8363636363636363,0.5929203539823009,0.3770491803278688,2.0545454545454547,0.40499501175197417,0.5240942570851715,0.6573534363591252,165,926
p0030,20.0,72.5,2.5,2,0.9271255060728745,0.266025641025641,0.693939393939394,1.263157894736842,0.7427112619874225,0.2026113249037933,0.331325750764251,247,926
p0031,20.0,74.0,2.5,2,0.7445255474452555,0.5165876777251185,0.4146341463414634,1.5401459854014599,0.4957380669656701,0.44809714778650617,0.5868779108449766,137,926
p0032,20.0,75.5,2.5,2,0.7666666666666667,0.4772727272727273,0.45098039215686275,1.4666666666666666,0.5313426361072952,0.4028255966655247,0.5632224380767362,150,926
p0033,20.0,77.0,2.5,2,0.8235294117647058,0.350210970464135,0.5703703703703704,1.267379679144385,0.6466416216536288,0.2822528949545079,0.4278784648187633,187,926
p0034,20.0,78.5,2.5,2,0.723404255319149,0.44715447154471544,0.4563758389261745,1.3085106382978724,0.515133101477756,0.36538461538461536,0.5344870262888357,188,926
p0035,20.0,80.0,2.5,2,0.7931034482758621,0.34050179211469533,0.5626911314984709,1.2025862068965518,0.6147615861286475,0.2743340633971646,0.41641084057563066,232,926
p0036,20.0,81.5,2.5,2,0.852760736196319,0.5272108843537415,0.4371069182389937,1.803680981595092,0.49363043704061244,0.45749711649365626,0.6146530892958934,163,926
p0037,20.0,83.0,2.5,2,0.7454545454545455,0.4225352112676056,0.4823529411764706,1.290909090909091,0.5231050142796947,0.3621235819152486,0.49506166018387554,220,926
p0038,20.0,84.5,2.5,2,0.7445887445887446,0.4608150470219436,0.455026455026455,1.380952380952381,0.4729361575146026,0.3954885548535066,0.5370495495495496,231,926
p0039,20.0,86.0,2.5,2,0.8547486033519553,0.5419161676646707,0.425,1.8659217877094971,0.4607585535606781,0.4838404396051694,0.6196759259259259,179,926
p0040,21.5,69.5,2.5,2,0.8118811881188119,0.5543478260869565,0.4039408866995074,1.8217821782178218,0.5058436460823315,0.4459371936703543,0.6566491995378775,101,926
p0041,21.5,71.0,2.5,2,0.6153846153846154,0.2920353982300885,0.49079754601226994,0.8692307692307693,0.6071417618254122,0.20558777164733702,0.39624138963761607,130,926
p0042,21.5,72.5,2.5,2,0.7914438502673797,0.2780487804878049,0.6065573770491803,1.0962566844919786,0.6895243816402512,0.2142694805194805,0.3445009866731544,187,926
p0043,21.5,74.0,2.5,2,0.8618421052631579,0.46530612244897956,0.4924812030075188,1.611842105263158,0.5735513846531715,0.39591836734693875,0.5416843220338983,152,926
p0044,21.5,75.5,2.5,2,0.8461538461538461,0.45228215767634855,0.4981132075471698,1.544871794871795,0.5788462196081113,0.40270929948742984,0.5133725971961266,156,926
p0045,21.5,77.0,2.5,2,0.7857142857142857,0.3346774193548387,0.5631399317406144,1.180952380952381,0.6295398002175353,0.2551412563131313,0.42255577259175486,210,926
p0046,21.5,78.5,2.5,2,0.7212389380530974,0.3682170542635659,0.5077881619937694,1.1415929203539823,0.5587390821792212,0.28621877665407575,0.4641668698196002,226,926
p0047,21.5,80.0,2.5,2,0.8382352941176471,0.3473282442748092,0.5796610169491525,1.2843137254901962,0.6462818064198139,0.28621820950344057,0.41751003913993795,204,926
p0048,21.5,81.5,2.5,2,0.8121546961325967,0.44528301886792454,0.4916387959866221,1.4640883977900552,0.5560798067279368,0.3749387254901961,0.5341645622895622,181,926
p0049,21.5,83.0,2.5,2,0.855,0.3892857142857143,0.5533980582524272,1.4,0.6156520692974013,0.32805965774266493,0.46290403570764366,200,926
p0050,21.5,84.5,2.5,2,0.7711864406779662,0.391304347826087,0.5155807365439093,1.2669491525423728,0.5530509594052195,0.31988017312492634,0.46696588029187147,236,926
p0051,21.5,86.0,2.5,2,0.759075907590759,0.3215339233038348,0.558252427184466,1.118811881188119,0.5668203712556996,0.26551992670636737,0.39100659950887373,303,926
p0052,23.0,69.5,2.5,2,0.6,0.4742268041237113,0.3893129770992366,1.1411764705882352,0.5127662093368938,0.36272408963585434,0.606623327680422,85,926
p0053,23.0,71.0,2.5,2,0.7010309278350515,0.3523809523809524,0.5074626865671642,1.0824742268041236,0.6333377329285705,0.2714185580774366,0.44860112628804216,97,926
p0054,23.0,72.5,2.5,2,0.75,0.34965034965034963,0.5344827586206896,1.153225806451613,0.6458272341791876,0.25313796404637806,0.46206559263521285,124,926
p0055,23.0,74.0,2.5,2,0.8680555555555556,0.4419642857142857,0.51440329218107,1.5555555555555556,0.6044683192401251,0.363278342842967,0.5473083322015483,144,926
p0056,23.0,75.5,2.5,2,0.7556818181818182,0.36666666666666664,0.525691699604743,1.1931818181818181,0.6080644478618491,0.28971347761928185,0.45886609907120735,176,926
p0057,23.0,77.0,2.5,2,0.7745098039215687,0.3305084745762712,0.5602836879432624,1.1568627450980393,0.6309713580500849,0.25756958839206395,0.4,204,926
p0058,23.0,78.5,2.5,2,0.8275862068965517,0.30864197530864196,0.60431654676259,1.1970443349753694,0.6759539094859673,0.25196850393700787,0.369163356019408,203,926
p0059,23.0,80.0,2.5,2,0.8709677419354839,0.39552238805970147,0.5547945205479452,1.4408602150537635,0.6246429774124749,0.3088720558051413,0.4893918105178643,186,926
p0060,23.0,81.5,2.5,2,0.8076923076923077,0.30514705882352944,0.5962145110410094,1.1623931623931625,0.6526753794760594,0.23574076588810428,0.3900060975609756,234,926
p0061,23.0,83.0,2.5,2,0.8071748878923767,0.32075471698113206,0.5844155844155844,1.188340807174888,0.6448045837853389,0.25838295880149814,0.39623636653132716,223,926
p0062,23.0,84.5,2.5,2,0.8068181818181818,0.321656050955414,0.5835616438356165,1.1893939393939394,0.6190084344785024,0.25,0.39939628482972134,264,926
p0063,23.0,86.0,2.5,2,0.7815126050420168,0.3716216216216216,0.5344827586206896,1.2436974789915967,0.5757435207077163,0.31292462146148786,0.4496124031007752,238,926
p0064,23.0,87.5,2.5,2,0.7940074906367042,0.3496932515337423,0.5564304461942258,1.2209737827715357,0.5827205000079992,0.29719208211143694,0.4128331227468209,267,926
p0065,24.5,69.5,2.5,2,0.5344827586206896,0.40384615384615385,0.3924050632911392,0.896551724137931,0.5361689694035147,0.28807506053268767,0.5556201550387596,58,926
p0066,24.5,71.0,2.5,2,0.5512820512820513,0.4625,0.3739130434782609,1.0256410256410255,0.5018082912395014,0.33765827922077923,0.61843671679198,78,926
p0067,24.5,72.5,2.5,2,0.7285714285714285,0.2867132867132867,0.56353591160221,1.0214285714285714,0.670504193353692,0.20324319547543301,0.3917664551942902,140,926
p0068,24.5,74.0,2.5,2,0.7586206896551724,0.40217391304347827,0.502283105022831,1.2689655172413794,0.59834297675233,0.30964164853758763,0.5,145,926
p0069,24.5,75.5,2.5,2,0.8028169014084507,0.41237113402061853,0.5135135135135135,1.3661971830985915,0.6094047805030464,0.3237241747136762,0.5081103234381923,142,926
p0070,24.5,77.0,2.5,2,0.7528735632183908,0.3701923076923077,0.5219123505976095,1.1954022988505748,0.6050442867907361,0.3114754098360656,0.44551260593033704,174,926
p0071,24.5,78.5,2.5,2,0.8461538461538461,0.45739910313901344,0.49387755102040815,1.5594405594405594,0.5826676068009508,0.37786431744805316,0.5405766453476377,143,926
p0072,24.5,80.0,2.5,2,0.8546511627906976,0.35526315789473684,0.5810276679841897,1.3255813953488371,0.663812472599737,0.273391215526047,0.4506194574856547,172,926
p0073,24.5,81.5,2.5,2,0.8205128205128205,0.46218487394957986,0.48120300751879697,1.5256410256410255,0.5602433686181122,0.3883343928798474,0.5566062050184789,156,926
p0074,24.5,83.0,2.5,2,0.7891891891891892,0.3624454148471616,0.5447761194029851,1.2378378378378379,0.6217041596067427,0.3142805569881382,0.4107242063492063,185,926
p0075,24.5,84.5,2.5,2,0.8208092485549133,0.432,0.505338078291815,1.4450867052023122,0.5782606701223468,0.37930792328554824,0.49632731253420903,173,926
p0076,24.5,86.0,2.5,2,0.7193877551020408,0.41975308641975306,0.47315436241610737,1.239795918367347,0.5329212421849399,0.3571362187997876,0.4940734531920456,196,926
p0077,24.5,87.5,2.5,2,0.7407407407407407,0.5498392282958199,0.3888888888888889,1.6455026455026456,0.410262793754089,0.4911532809352399,0.608184097168279,189,926
p0078,24.5,92.0,2.5,2,0.8829787234042553,0.3054393305439331,0.6360153256704981,1.2712765957446808,0.5921158785945455,0.2585962204487276,0.36449332863104683,376,926
p0079,24.5,93.5,2.5,2,0.8661710037174721,0.5021367521367521,0.4623015873015873,1.7397769516728625,0.4173233831307845,0.44736540318686624,0.5621467776403104,269,926
p0080,26.0,71.0,2.5,2,0.5538461538461539,0.42857142857142855,0.391304347826087,0.9692307692307692,0.5300259203538219,0.30135988828301635,0.6410714285714286,65,926
p0081,26.0,72.5,2.5,2,0.6052631578947368,0.5,0.3770491803278688,1.2105263157894737,0.5029381851056617,0.3863580108010801,0.6428968253968254,76,926
p0082,26.0,74.0,2.5,2,0.6914893617021277,0.4881889763779528,0.4166666666666667,1.351063829787234,0.5338496431930077,0.3959659118342909,0.6058035714285713,94,926
p0083,26.0,75.5,2.5,2,0.7647058823529411,0.425414364640884,0.48826291079812206,1.3308823529411764,0.5868609553436208,0.34817534166908987,0.5074162979043166,136,926
p0084,26.0,77.0,2.5,2,0.7567567567567568,0.40425531914893614,0.5,1.2702702702702702,0.594063126252505,0.32748408632199966,0.4970414201183432,148,926
p0085,26.0,78.5,2.5,2,0.8047337278106509,0.38181818181818183,0.5375494071146245,1.301775147928994,0.6209883367033521,0.3067482137565441,0.4593333764386396,169,926
p0086,26.0,80.0,2.5,2,0.8175182481751825,0.5254237288135594,0.42911877394636017,1.7226277372262773,0.5085240832959314,0.45920634920634923,0.5943561320754717,137,926
p0087,26.0,81.5,2.5,2,0.8865248226950354,0.48132780082987553,0.48638132295719844,1.7092198581560283,0.5722714070756203,0.4043391304347826,0.5823866441012623,141,926
p0088,26.0,83.0,2.5,2,0.8677685950413223,0.5643153526970954,0.4085603112840467,1.9917355371900827,0.4916681714760374,0.5065407838697503,0.6379773822766036,121,926
p0089,26.0,84.5,2.5,2,0.8203125,0.5992366412213741,0.3684210526315789,2.046875,0.4331923228640995,0.5127340022372897,0.688634076385045,128,926
p0090,26.0,86.0,2.5,2,0.7877094972067039,0.47191011235955055,0.46229508196721314,1.4916201117318435,0.521552566081724,0.40677500465636063,0.5542313087968311,179,926
p0091,26.0,87.5,2.5,2,0.7902439024390244,0.5060975609756098,0.4366576819407008,1.6,0.4610251811584113,0.42820034822072056,0.5820019628352638,205,926
p0092,26.0,90.5,2.5,2,0.8888888888888888,0.36936936936936937,0.5845511482254697,1.4095238095238096,0.5644814399901681,0.32015415019762844,0.41986518339298856,315,926
p0093,26.0,92.0,2.5,2,0.8943089430894309,0.5227765726681128,0.4517453798767967,1.8739837398373984,0.42215626241615445,0.4674842767295597,0.5782591228657517,246,926
p0094,26.0,93.5,2.5,2,0.8340807174887892,0.5694444444444444,0.39658848614072495,1.937219730941704,0.3667924747135491,0.5182459659603047,0.6243480244950832,223,926
p0095,26.0,95.0,2.5,2,0.6341463414634146,0.23303834808259588,0.5316973415132924,0.8268292682926829,0.4897568299831085,0.18003931073814566,0.28925793945584544,410,926
p0096,27.5,69.5,2.5,2,0.35714285714285715,0.5454545454545454,0.25,0.7857142857142857,0.37505624043912533,0.41301150895140665,0.7083333333333334,42,926
p0097,27.5,71.0,2.5,2,0.543859649122807,0.38,0.40789473684210525,0.8771929824561403,0.5537683921954981,0.26919642857142856,0.5,57,926
p0098,27.5,72.5,2.5,2,0.5714285714285714,0.631578947368421,0.28865979381443296,1.5510204081632653,0.4100385957784713,0.48907322654462243,0.7733877551020407,49,926
p0099,27.5,74.0,2.5,2,0.5514018691588785,0.4732142857142857,0.36875,1.0467289719626167,0.47699998881594396,0.39129617522066035,0.567611955020714,107,926
p0100,27.5,75.5,2.5,2,0.688,0.4691358024691358,0.42786069651741293,1.296,0.5272615887277925,0.36967171717171715,0.5864751699608302,125,926
p0101,27.5,77.0,2.5,2,0.7361111111111112,0.47783251231527096,0.43983402489626555,1.4097222222222223,0.5244200290651226,0.3977831920661611,0.5510269492412349,144,926
p0102,27.5,78.5,2.5,2,0.7638888888888888,0.48598130841121495,0.4435483870967742,1.4861111111111112,0.5264936489350664,0.4189762838418565,0.5447001934235977,144,926
p0103,27.5,80.0,2.5,2,0.8294573643410853,0.563265306122449,0.40074906367041196,1.8992248062015504,0.4766772395572102,0.5050505050505051,0.6281423141347765,129,926
p0104,27.5,81.5,2.5,2,0.8413793103448276,0.512,0.4468864468864469,1.7241379310344827,0.5232175128720974,0.4331943139097744,0.5909250960307298,145,926
p0105,27.5,83.0,2.5,2,0.8551724137931035,0.5539568345323741,0.41471571906354515,1.9172413793103449,0.47906955811725677,0.4583035714285714,0.6338412051254898,145,926
p0106,27.5,84.5,2.5,2,0.9156626506024096,0.580110497237569,0.40425531914893614,2.180722891566265,0.4374850845030699,0.5261042080639887,0.6366058042407368,166,926
p0107,27.5,92.0,2.5,2,0.8802395209580839,0.3900414937759336,0.5632183908045977,1.4431137724550898,0.5131260953786551,0.3333333333333333,0.45170446124203345,334,926
p0108,27.5,93.5,2.5,2,0.9567901234567902,0.5609065155807366,0.4305555555555556,2.1790123456790123,0.23500681050671782,0.5100211276242292,0.6134783164883267,324,926
p0109,27.5,95.0,2.5,2,0.8777777777777778,0.3524590163934426,0.5939849624060151,1.3555555555555556,0.5390146765985692,0.30782489654068634,0.39765904394544704,360,926
p0110,27.5,96.5,2.5,2,0.8921568627450981,0.4583333333333333,0.5083798882681564,1.6470588235294117,0.44642808619331,0.4035715975099809,0.510086893495068,306,926
p0111,29.0,72.5,2.5,2,0.48,0.6363636363636364,0.2608695652173913,1.32,0.3754166005395969,0.5223880597014925,0.7407828282828282,50,926
p0112,29.0,74.0,2.5,2,0.5466666666666666,0.5638297872340425,0.3203125,1.2533333333333334,0.4342317794289085,0.4590115718418515,0.6530713275409173,75,926
p0113,29.0,75.5,2.5,2,0.6,0.5774647887323944,0.32967032967032966,1.42,0.422705067146332,0.5063145642368689,0.6699053398058252,100,926
p0114,29.0,77.0,2.5,2,0.7398373983739838,0.5260416666666666,0.40625,1.5609756097560976,0.49619975619533824,0.44796262254901964,0.6034594715629198,123,926
p0115,29.0,78.5,2.5,2,0.8707482993197279,0.488,0.4758364312267658,1.7006802721088434,0.5560821699838843,0.4166666666666667,0.5645541692026781,147,926
p0116,29.0,80.0,2.5,2,0.8544600938967136,0.32592592592592595,0.6046511627906976,1.267605633802817,0.668328126222768,0.2652231551038445,0.40001529051987766,213,926
p0117,29.0,95.0,2.5,2,0.9227166276346604,0.3333333333333333,0.6314102564102564,1.3840749414519906,0.5136932189225353,0.2833825776137903,0.3896578875916373,427,926
p0118,29.0,96.5,2.5,2,0.8393782383419689,0.599009900990099,0.3724137931034483,2.093264248704663,0.363033476282384,0.5244719279618735,0.6675679001363932,193,926
p0119,30.5,74.0,2.5,2,0.6764705882352942,0.6690647482014388,0.2857142857142857,2.0441176470588234,0.3836599567074512,0.5968527772438977,0.7589018814840864,68,926
p0120,30.5,75.5,2.5,2,0.672566371681416,0.5632183908045977,0.36018957345971564,1.5398230088495575,0.44792835124846536,0.4884954844006568,0.6446055877051513,113,926
p0121,30.5,77.0,2.5,2,0.6809815950920245,0.4336734693877551,0.4475806451612903,1.2024539877300613,0.5275826884835666,0.3518360433604336,0.5144683832545104,163,926
p0122,30.5,78.5,2.5,2,0.7875647668393783,0.5064935064935064,0.4355300859598854,1.5958549222797926,0.47129881346402425,0.446969087985969,0.5773725802499388,193,926
p0123,30.5,80.0,2.5,2,0.44148936170212766,0.25225225225225223,0.38425925925925924,0.5904255319148937,0.36320203513924365,0.16978681695662826,0.3583462918660287,376,926
p0124,32.0,75.5,2.5,2,0.7972027972027972,0.5107296137339056,0.4351145038167939,1.6293706293706294,0.5132166883333689,0.4304452274183216,0.5950936166599444,143,926
p0125,32.0,77.0,2.5,2,0.888,0.4776470588235294,0.4900662251655629,1.7,0.48150284813961947,0.39661877066940354,0.546358962678554,250,926
p0126,32.0,78.5,2.5,2,0.8380952380952381,0.7357357357357357,0.25142857142857145,3.1714285714285713,0.27720477390677417,0.6648261278195489,0.8071243430696078,105,926
p0127,33.5,74.0,2.5,2,0.715,0.411522633744856,0.4766666666666667,1.215,0.5355474765029488,0.34633677298311444,0.47411146113221536,200,926
p0128,33.5,75.5,2.5,2,0.8385093167701864,0.5686900958466453,0.39823008849557523,1.9440993788819876,0.4413405177767657,0.5013429752066115,0.6319644174041298,161,926
p0129,33.5,77.0,2.5,2,0.5172413793103449,0.5054945054945055,0.3383458646616541,1.0459770114942528,0.4530786474623139,0.3861005331302361,0.6351391096979332,87,926
p0130,33.5,78.5,2.5,2,0.7169811320754716,0.6885245901639344,0.2773722627737226,2.30188679245283,0.3852251237275178,0.5934918699186992,0.7833395522388059,53,926
p0131,35.0,74.0,2.5,2,0.7452229299363057,0.5821428571428572,0.365625,1.78343949044586,0.40652644739251503,0.4979875060912881,0.6579010425424584,157,926
p0132,35.0,75.5,2.5,2,0.7452830188679245,0.6666666666666666,0.29924242424242425,2.2358490566037736,0.35928699125569424,0.5857081807081808,0.7500247035573122,106,926
p0133,35.0,77.0,2.5,2,0.6451612903225806,0.884393063583815,0.10869565217391304,5.580645161290323,0.14768377689726003,0.8165407509157508,0.9422048368879145,31,926
p0134,35.0,78.5,2.5,2,0.5,0.7222222222222222,0.21739130434782608,1.8,0.31934008493956223,0.5782920414050569,0.8684318377911994,40,926
p0135,35.0,80.0,2.5,2,0.296875,0.7361111111111112,0.1623931623931624,1.125,0.22251542152159012,0.5999193548387096,0.8625128424657534,64,926
p0136,36.5,72.5,2.5,2,0.0851063829787234,0.9724137931034482,0.02127659574468085,3.0851063829787235,-0.037901585019675686,0.9432580868361875,0.9941185070519436,47,926
p0137,36.5,74.0,2.5,2,0.45806451612903226,0.5103448275862069,0.31004366812227074,0.9354838709677419,0.37166416147734593,0.41203751284686535,0.6111225895316805,155,926
p0138,36.5,75.5,2.5,2,0.4230769230769231,0.6094674556213018,0.2548262548262548,1.0833333333333333,0.2800074127192594,0.518914695945946,0.6932765151515151,156,926
p0000,9.5,77.0,2.5,3,0.9316939890710383,0.41509433962264153,0.5608552631578947,1.592896174863388,0.45302620692096335,0.361275158533223,0.47060788055680286,366,926
p0001,9.5,78.5,2.5,3,0.6858974358974359,0.5836575875486382,0.34967320261437906,1.6474358974358974,0.3903339575324065,0.5173424911883183,0.6636818404491842,156,926
p0002,11.0,77.0,2.5,3,0.7159090909090909,0.754863813229572,0.22340425531914893,2.9204545454545454,0.2605182359848015,0.6631373889268626,0.8380585005679667,88,926
p0003,11.0,78.5,2.5,3,0.7131782945736435,0.5576923076923077,0.37551020408163266,1.6124031007751938,0.4517062825563665,0.4725067385444744,0.649056154822335,129,926
p0004,12.5,75.5,2.5,3,0.9174528301886793,0.2519230769230769,0.7009009009009008,1.2264150943396226,0.645148481938391,0.1969809639706202,0.3190297122710984,424,926
p0005,12.5,77.0,2.5,3,0.6643356643356644,0.6545454545454545,0.29411764705882354,1.9230769230769231,0.3154485146781316,0.5980614997967254,0.7191490392065706,143,926
p0006,12.5,78.5,2.5,3,0.7124183006535948,0.6175438596491228,0.331306990881459,1.8627450980392157,0.36013166738907837,0.5427384941619979,0.6869927536231885,153,926
p0007,12.5,80.0,2.5,3,0.7388059701492538,0.6538461538461539,0.308411214953271,2.1343283582089554,0.3416892965107342,0.5880149647887324,0.7153985507246376,134,926
p0008,14.0,75.5,2.5,3,0.7309417040358744,0.4511784511784512,0.4565826330532213,1.3318385650224216,0.4853462748311169,0.3770407590388502,0.5229418555197763,223,926
p0009,14.0,77.0,2.5,3,0.7317073170731707,0.6511627906976745,0.30927835051546393,2.097560975609756,0.3567177487920702,0.5833022388059702,0.7179602888086642,123,926
p0010,14.0,78.5,2.5,3,0.7555555555555555,0.5936254980079682,0.3591549295774648,1.8592592592592592,0.4181850821290728,0.5205416266491432,0.6624007936507936,135,926
p0011,14.0,80.0,2.5,3,0.6909090909090909,0.5648854961832062,0.36421725239616615,1.587878787878788,0.4035320545604029,0.489920479251347,0.6456733923884515,165,926
p0012,15.5,74.0,2.5,3,0.9656160458452722,0.21445221445221446,0.764172335600907,1.2292263610315186,0.771241799014694,0.1419734874095929,0.2995775145970023,349,926
p0013,15.5,75.5,2.5,3,0.7005347593582888,0.5371024734982333,0.3864306784660767,1.5133689839572193,0.4152372046706216,0.4669195849546044,0.6164621798689697,187,926
p0014,15.5,77.0,2.5,3,0.7142857142857143,0.6413502109704642,0.31365313653136534,1.9915966386554622,0.369676120768527,0.5627637987012988,0.7222470238095238,119,926
p0015,15.5,78.5,2.5,3,0.7283236994219653,0.5728813559322034,0.3684210526315789,1.7052023121387283,0.3962655977397992,0.5151486671223513,0.6350889046941678,173,926
p0016,15.5,80.0,2.5,3,0.7172413793103448,0.5772357723577236,0.3623693379790941,1.696551724137931,0.41712127570289553,0.49392334570867,0.6679172320217096,145,926
p0017,17.0,74.0,2.5,3,0.9130434782608695,0.373134328358209,0.5915492957746479,1.4565217391304348,0.6362133896881519,0.29737224651765465,0.4556251608751608,230,926
p0018,17.0,75.5,2.5,3,0.6370370370370371,0.5865384615384616,0.3346303501945525,1.5407407407407407,0.3943730924278469,0.5,0.6784379747575084,135,926
p0019,17.0,77.0,2.5,3,0.7567567567567568,0.5882352941176471,0.36363636363636365,1.837837837837838,0.4115068351015538,0.512141921754788,0.6710607680862934,148,926
p0020,17.0,78.5,2.5,3,0.5428571428571428,0.6082474226804123,0.29457364341085274,1.3857142857142857,0.3389968779906183,0.5363086423907922,0.684730402655815,140,926
p0021,17.0,80.0,2.5,3,0.68125,0.5622489959839357,0.36333333333333334,1.55625,0.4085817277147271,0.491285890073831,0.6360090909090909,160,926
p0022,17.0,81.5,2.5,3,0.7204968944099379,0.6054421768707483,0.3421828908554572,1.826086956521739,0.36785423465233175,0.5419287634408603,0.6712814866794106,161,926
p0023,18.5,74.0,2.5,3,0.6746987951807228,0.4105263157894737,0.45901639344262296,1.144578313253012,0.5414741011944061,0.3108790785604257,0.5144550924517459,166,926
p0024,18.5,75.5,2.5,3,0.7588652482269503,0.5836575875486382,0.36769759450171824,1.822695035460993,0.4245222478164243,0.4873839970770917,0.6745336064503493,141,926
p0025,18.5,77.0,2.5,3,0.7935483870967742,0.4875,0.4522058823529412,1.5483870967741935,0.526464632597728,0.41304347826086957,0.5760915622697126,155,926
p0026,18.5,78.5,2.5,3,0.632258064516129,0.5625,0.3487544483985765,1.4451612903225806,0.3980476992263262,0.4877719182597231,0.6509963419329995,155,926
p0027,18.5,80.0,2.5,3,0.726457399103139,0.39552238805970147,0.49240121580547114,1.201793721973094,0.5385721702701574,0.3306510993064778,0.46819602272727273,223,926
p0028,18.5,81.5,2.5,3,0.7178423236514523,0.397212543554007,0.48732394366197185,1.1908713692946058,0.5192958236592754,0.3288590604026846,0.48048631995292884,241,926
p0029,18.5,83.0,2.5,3,0.7575757575757576,0.5901639344262295,0.36231884057971014,1.8484848484848484,0.39109902262605734,0.5137605684475626,0.6655905077262693,165,926
p0030,20.0,72.5,2.5,3,0.9271255060728745,0.2953846153846154,0.6676384839650146,1.3157894736842106,0.7140132530708004,0.22689595639548343,0.3694116079267528,247,926
p0031,20.0,74.0,2.5,3,0.7591240875912408,0.4926829268292683,0.4369747899159664,1.4963503649635037,0.5237100897429008,0.4235180995475113,0.5594997330129489,137,926
p0032,20.0,75.5,2.5,3,0.7333333333333333,0.49074074074074076,0.4296875,1.44,0.5067927446774358,0.4179032995939841,0.5701094141782539,150,926
p0033,20.0,77.0,2.5,3,0.7486631016042781,0.388646288209607,0.5072463768115942,1.2245989304812834,0.5796107754448042,0.3067141963168246,0.48188332946665635,187,926
p0034,20.0,78.5,2.5,3,0.7180851063829787,0.44214876033057854,0.4576271186440678,1.2872340425531914,0.5176894930791568,0.3576264880952381,0.5446881684115726,188,926
p0035,20.0,80.0,2.5,3,0.7974137931034483,0.3392857142857143,0.5657492354740061,1.206896551724138,0.617969040535515,0.2749039822114413,0.42857142857142855,232,926
p0036,20.0,81.5,2.5,3,0.8466257668711656,0.5353535353535354,0.42857142857142855,1.822085889570552,0.4823326385892847,0.46975931677018634,0.6164471052894711,163,926
p0037,20.0,83.0,2.5,3,0.7136363636363636,0.4352517985611511,0.4604105571847507,1.2636363636363637,0.497137190550958,0.3677957738302566,0.5134085030040053,220,926
p0038,20.0,84.5,2.5,3,0.6883116883116883,0.4820846905537459,0.41952506596306066,1.329004329004329,0.42832127603450504,0.41975106253794775,0.5461628009137234,231,926
p0039,20.0,86.0,2.5,3,0.8435754189944135,0.5295950155763239,0.4326647564469914,1.7932960893854748,0.4732620474485897,0.4791471541786744,0.599193104713002,179,926
p0040,21.5,69.5,2.5,3,0.7326732673267327,0.5934065934065934,0.35406698564593303,1.801980198019802,0.4451250366188181,0.4939702560240964,0.6969824293353706,101,926
p0041,21.5,71.0,2.5,3,0.6076923076923076,0.2818181818181818,0.4906832298136646,0.8461538461538461,0.6078702747366247,0.2,0.3676664086687307,130,926
p0042,21.5,72.5,2.5,3,0.7914438502673797,0.3051643192488263,0.5873015873015873,1.13903743315508,0.6687601895865005,0.23651298980029842,0.38023437499999996,187,926
p0043,21.5,74.0,2.5,3,0.8421052631578947,0.46443514644351463,0.4866920152091255,1.5723684210526316,0.5680522442210013,0.3907635467980296,0.5535834942084942,152,926
p0044,21.5,75.5,2.5,3,0.8461538461538461,0.4476987447698745,0.5019011406844106,1.5320512820512822,0.5834300588594858,0.3918316908512454,0.516131650607457,156,926
p0045,21.5,77.0,2.5,3,0.7952380952380952,0.33992094861660077,0.5641891891891891,1.2047619047619047,0.6295747306793021,0.2560169915042479,0.43270833333333336,210,926
p0046,21.5,78.5,2.5,3,0.7123893805309734,0.3534136546184739,0.5127388535031847,1.1017699115044248,0.5671337174841583,0.2756071098252188,0.43861812603257017,226,926
p0047,21.5,80.0,2.5,3,0.8137254901960784,0.36398467432950193,0.5551839464882943,1.2794117647058822,0.6200023449407902,0.3030278353568256,0.43408422443231387,204,926
p0048,21.5,81.5,2.5,3,0.8011049723756906,0.46691176470588236,0.4707792207792208,1.5027624309392265,0.5298086687808008,0.3942490276824525,0.5598097826086956,181,926
p0049,21.5,83.0,2.5,3,0.825,0.4107142857142857,0.5238095238095238,1.4,0.582230510105871,0.3478124431508095,0.47861340791180285,200,926
p0050,21.5,84.5,2.5,3,0.7457627118644068,0.3951890034364261,0.5014245014245015,1.2330508474576272,0.5378582632254385,0.3218336439888164,0.47648461858241525,236,926
p0051,21.5,86.0,2.5,3,0.7029702970297029,0.3280757097791798,0.5233415233415234,1.046204620462046,0.5297499070724416,0.2700953883453411,0.39925666478926125,303,926
p0052,23.0,69.5,2.5,3,0.5647058823529412,0.5,0.3609022556390977,1.1294117647058823,0.4797271393255159,0.3802787801187289,0.6521739130434783,85,926
p0053,23.0,71.0,2.5,3,0.6494845360824743,0.35051546391752575,0.48091603053435117,1.0,0.6084712670836805,0.24750947316953917,0.4504529254529255,97,926
p0054,23.0,72.5,2.5,3,0.717741935483871,0.3819444444444444,0.4972067039106145,1.1612903225806452,0.6077305418533719,0.2814508138711961,0.49140543364681294,124,926
p0055,23.0,74.0,2.5,3,0.8055555555555556,0.42574257425742573,0.5043478260869565,1.4027777777777777,0.5974220120509496,0.34837254901960785,0.515942144373673,144,926
p0056,23.0,75.5,2.5,3,0.6704545454545454,0.38860103626943004,0.4701195219123506,1.0965909090909092,0.5501209097085747,0.31097423028916166,0.46970088516604286,176,926
p0057,23.0,77.0,2.5,3,0.7450980392156863,0.371900826446281,0.5170068027210885,1.1862745098039216,0.5815821294469548,0.2992910588531187,0.45120659088538945,204,926
p0058,23.0,78.5,2.5,3,0.7980295566502463,0.3278008298755187,0.574468085106383,1.187192118226601,0.6453217064903064,0.26847255567513867,0.3942307692307692,203,926
p0059,23.0,80.0,2.5,3,0.8709677419354839,0.36220472440944884,0.5827338129496403,1.3655913978494623,0.6567652547355505,0.27952694771849174,0.45902472344395573,186,926
p0060,23.0,81.5,2.5,3,0.7905982905982906,0.32234432234432236,0.5745341614906833,1.1666666666666667,0.6287523630595988,0.24917825649523584,0.4111111111111111,234,926
p0061,23.0,83.0,2.5,3,0.7847533632286996,0.3445692883895131,0.5555555555555556,1.1973094170403586,0.6126194503044899,0.2779686801975297,0.41754703022616785,223,926
p0062,23.0,84.5,2.5,3,0.7765151515151515,0.3300653594771242,0.5616438356164384,1.1590909090909092,0.595469785830521,0.2680293953747562,0.4133636363636363,264,926
p0063,23.0,86.0,2.5,3,0.7521008403361344,0.38275862068965516,0.5128939828080229,1.218487394957983,0.5513668179020086,0.3181818181818182,0.46562620053784093,238,926
p0064,23.0,87.5,2.5,3,0.8052434456928839,0.36764705882352944,0.548469387755102,1.2734082397003745,0.5692706334981946,0.31231544175350867,0.4393813657968765,267,926
p0065,24.5,69.5,2.5,3,0.39655172413793105,0.425,0.30666666666666664,0.6896551724137931,0.4407952803456125,0.23074324324324325,0.6585504434589801,58,926
p0066,24.5,71.0,2.5,3,0.5,0.43478260869565216,0.3611111111111111,0.8846153846153846,0.49030775857942854,0.30952380952380953,0.5807123655913978,78,926
p0067,24.5,72.5,2.5,3,0.6928571428571428,0.27611940298507465,0.5480225988700564,0.9571428571428572,0.6573606408762095,0.19996575342465756,0.37180232558139537,140,926
p0068,24.5,74.0,2.5,3,0.7241379310344828,0.3930635838150289,0.49295774647887325,1.193103448275862,0.5906311144585711,0.3043189176688252,0.4949005102040816,145,926
p0069,24.5,75.5,2.5,3,0.7394366197183099,0.4,0.49528301886792453,1.232394366197183,0.5936631097185883,0.3249946581196581,0.4935993975903615,142,926
p0070,24.5,77.0,2.5,3,0.7413793103448276,0.37681159420289856,0.5119047619047619,1.1896551724137931,0.5943370018164333,0.3119191380413911,0.45099620493358633,174,926
p0071,24.5,78.5,2.5,3,0.8391608391608392,0.4690265486725664,0.4819277108433735,1.5804195804195804,0.5688483999740127,0.3796109385783299,0.550035046728972,143,926
p0072,24.5,80.0,2.5,3,0.7965116279069767,0.38839285714285715,0.528957528957529,1.302325581395349,0.6099571882336694,0.3056694515660577,0.4815217391304347,172,926
p0073,24.5,81.5,2.5,3,0.8333333333333334,0.4715447154471545,0.47794117647058826,1.5769230769230769,0.5550186125211506,0.39510122230710465,0.5607501359837808,156,926
p0074,24.5,83.0,2.5,3,0.8216216216216217,0.3870967741935484,0.5409252669039146,1.3405405405405406,0.6136650301748394,0.3294786535303777,0.4571628838451268,185,926
p0075,24.5,84.5,2.5,3,0.8265895953757225,0.44573643410852715,0.4965277777777778,1.4913294797687862,0.5666445045475378,0.3941709344198971,0.510123523093448,173,926
p0076,24.5,86.0,2.5,3,0.7346938775510204,0.444015444015444,0.4630225080385852,1.3214285714285714,0.516444550065353,0.37129614978902953,0.530435561788998,196,926
p0077,24.5,87.5,2.5,3,0.7566137566137566,0.5387096774193548,0.40168539325842695,1.6402116402116402,0.4281199440987666,0.47660149980629807,0.6000197628458498,189,926
p0078,24.5,92.0,2.5,3,0.8723404255319149,0.3050847457627119,0.6307692307692307,1.2553191489361701,0.5868223395552912,0.2587711630474789,0.3605021000381825,376,926
p0079,24.5,93.5,2.5,3,0.8401486988847584,0.5065502183406113,0.45109780439121755,1.7026022304832713,0.40334771953008214,0.4484230504437787,0.5673093971631206,269,926
p0080,26.0,71.0,2.5,3,0.5692307692307692,0.45588235294117646,0.3854166666666667,1.0461538461538462,0.5220875102783463,0.3114663023679417,0.6041787790697674,65,926
p0081,26.0,72.5,2.5,3,0.5657894736842105,0.47560975609756095,0.3739130434782609,1.0789473684210527,0.5018678461492484,0.35443037974683544,0.596785394265233,76,926
p0082,26.0,74.0,2.5,3,0.648936170212766,0.5271317829457365,0.3765432098765432,1.372340425531915,0.4868145254216828,0.43947879446947336,0.6406808035714285,94,926
p0083,26.0,75.5,2.5,3,0.6985294117647058,0.42771084337349397,0.45893719806763283,1.2205882352941178,0.5577313432835821,0.35371492346938777,0.5136742424242424,136,926
p0084,26.0,77.0,2.5,3,0.7837837837837838,0.41414141414141414,0.5043478260869565,1.337837837837838,0.5967576817883172,0.33751451162498824,0.5036552933853902,148,926
p0085,26.0,78.5,2.5,3,0.8165680473372781,0.37272727272727274,0.549800796812749,1.301775147928994,0.6339460004058015,0.30731571058727347,0.445324265813253,169,926
p0086,26.0,80.0,2.5,3,0.7299270072992701,0.5475113122171946,0.3875968992248062,1.6131386861313868,0.4600264251496564,0.47809295487455306,0.6134109256531938,137,926
p0087,26.0,81.5,2.5,3,0.900709219858156,0.4641350210970464,0.5059760956175299,1.6808510638297873,0.5945394323326059,0.3835097114199499,0.5681904706968159,141,926
p0088,26.0,83.0,2.5,3,0.8512396694214877,0.5778688524590164,0.3931297709923664,2.0165289256198347,0.4721698417592188,0.5181529693217,0.6481169527896995,121,926
p0089,26.0,84.5,2.5,3,0.828125,0.5938697318007663,0.3745583038869258,2.0390625,0.44136633514884216,0.5036950037285607,0.6859693744115494,128,926
p0090,26.0,86.0,2.5,3,0.8100558659217877,0.4708029197080292,0.4707792207792208,1.5307262569832403,0.5303529089630538,0.409681406717597,0.5418807437839265,179,926
p0091,26.0,87.5,2.5,3,0.7707317073170732,0.5138461538461538,0.42473118279569894,1.5853658536585367,0.44574161608816043,0.4355722140697654,0.5958526735696433,205,926
p0092,26.0,90.5,2.5,3,0.9111111111111111,0.36644591611479027,0.5966735966735967,1.438095238095238,0.5780805959913382,0.32043005271533714,0.41442186845412654,315,926
p0093,26.0,92.0,2.5,3,0.8943089430894309,0.5164835164835165,0.4573804573804574,1.8495934959349594,0.43168275855582156,0.4618894825242826,0.5698763661539983,246,926
p0094,26.0,93.5,2.5,3,0.8430493273542601,0.57847533632287,0.3908523908523909,2.0,0.3548925526299521,0.5288048105576841,0.6262169997274005,223,926
p0095,26.0,95.0,2.5,3,0.6097560975609756,0.2236024844720497,0.5186721991701245,0.7853658536585366,0.48082128219008585,0.16999403183023873,0.2794639947865754,410,926
p0096,27.5,69.5,2.5,3,0.30952380952380953,0.5806451612903226,0.21666666666666667,0.7380952380952381,0.3303689571345047,0.4564723320158103,0.7576363636363636,42,926
p0097,27.5,71.0,2.5,3,0.42105263157894735,0.52,0.2891566265060241,0.8771929824561403,0.4149407808785419,0.3616873522458629,0.65,57,926
p0098,27.5,72.5,2.5,3,0.4897959183673469,0.6666666666666666,0.24742268041237114,1.469387755102041,0.3561482045909134,0.5694240196078432,0.7857142857142857,49,926
p0099,27.5,74.0,2.5,3,0.5233644859813084,0.504424778761062,0.34146341463414637,1.0560747663551402,0.4429702904120576,0.4155651755651756,0.6216216216216216,107,926
p0100,27.5,75.5,2.5,3,0.6,0.5161290322580645,0.36585365853658536,1.24,0.45413322450460253,0.41262051055740373,0.6201753563390847,125,926
p0101,27.5,77.0,2.5,3,0.6944444444444444,0.5121951219512195,0.40160642570281124,1.4236111111111112,0.4776363512459585,0.4188247245448152,0.5886566332218507,144,926
p0102,27.5,78.5,2.5,3,0.75,0.5023041474654378,0.4268774703557312,1.5069444444444444,0.5059788807535229,0.422090196352131,0.5625078517587939,144,926
p0103,27.5,80.0,2.5,3,0.8372093023255814,0.5697211155378487,0.39705882352941174,1.945736434108527,0.4710819790890284,0.4981071858691289,0.6404898627637962,129,926
p0104,27.5,81.5,2.5,3,0.8344827586206897,0.5101214574898786,0.44649446494464945,1.703448275862069,0.5232734536418613,0.4291197975253094,0.5959688617715128,145,926
p0105,27.5,83.0,2.5,3,0.8344827586206897,0.550185873605948,0.4129692832764505,1.8551724137931034,0.4784021168872849,0.457234492481203,0.6351365850829369,145,926
p0106,27.5,84.5,2.5,3,0.891566265060241,0.5807365439093485,0.39892183288409705,2.1265060240963853,0.4317580173803928,0.5208219043887148,0.6415094339622641,166,926
p0107,27.5,92.0,2.5,3,0.8712574850299402,0.3912133891213389,0.5585412667946257,1.4311377245508983,0.5076836304460389,0.3389473684210526,0.4466569780896224,334,926
p0108,27.5,93.5,2.5,3,0.9475308641975309,0.5531295487627366,0.43607954545454547,2.1203703703703702,0.25129427099244417,0.5035295796945356,0.6073341274152633,324,926
p0109,27.5,95.0,2.5,3,0.8805555555555555,0.3595959595959596,0.5892193308550185,1.375,0.5299060482852089,0.3112173558546499,0.40883040791432723,360,926
p0110,27.5,96.5,2.5,3,0.8627450980392157,0.47410358565737054,0.4852941176470588,1.6405228758169934,0.4120421602597827,0.42316676522767593,0.5307937013446568,306,926
p0111,29.0,72.5,2.5,3,0.42,0.6956521739130435,0.21428571428571427,1.38,0.3097178926171898,0.5640845070422535,0.8169334186939821,50,926
p0112,29.0,74.0,2.5,3,0.56,0.5434782608695652,0.336,1.2266666666666666,0.45429630365941975,0.4367775619232637,0.6419973544973544,75,926
p0113,29.0,75.5,2.5,3,0.61,0.5793103448275863,0.33152173913043476,1.45,0.42437964320008087,0.47524133663366336,0.6802791950113378,100,926
p0114,29.0,77.0,2.5,3,0.7560975609756098,0.5373134328358209,0.4025974025974026,1.6341463414634145,0.49002705744319136,0.4519545618463758,0.6273436371515239,123,926
p0115,29.0,78.5,2.5,3,0.8503401360544217,0.50199203187251,0.45787545787545786,1.7074829931972788,0.5350427814380806,0.44035779816513765,0.5714441671865252,147,926
p0116,29.0,80.0,2.5,3,0.8356807511737089,0.34317343173431736,0.5816993464052288,1.272300469483568,0.6437797907062013,0.280950966388148,0.41534560749959065,213,926
p0117,29.0,95.0,2.5,3,0.9110070257611241,0.33276157804459694,0.6264090177133655,1.3653395784543325,0.5088184590903063,0.2813395777579542,0.38974659185755356,427,926
p0118,29.0,96.5,2.5,3,0.7772020725388601,0.6153846153846154,0.3464203233256351,2.0207253886010363,0.3268793120276997,0.5384097035040432,0.6837332432622123,193,926
p0119,30.5,74.0,2.5,3,0.6764705882352942,0.6434108527131783,0.304635761589404,1.8970588235294117,0.41029124564829755,0.5370257452574526,0.7500672043010752,68,926
p0120,30.5,75.5,2.5,3,0.672566371681416,0.5846994535519126,0.34545454545454546,1.6194690265486726,0.42706390877295497,0.5099305285027919,0.660400182592818,113,926
p0121,30.5,77.0,2.5,3,0.7116564417177914,0.40512820512820513,0.4793388429752066,1.196319018404908,0.5645410505415432,0.325,0.49727653631284907,163,926
p0122,30.5,78.5,2.5,3,0.7875647668393783,0.4628975265017668,0.4691358024691358,1.4663212435233162,0.5195965470021536,0.39929079277328167,0.525955378607857,193,926
p0123,30.5,80.0,2.5,3,0.4095744680851064,0.2222222222222222,0.36666666666666664,0.526595744680851,0.35625202546598783,0.13557548285376428,0.34759939548942104,376,926
p0124,32.0,75.5,2.5,3,0.8041958041958042,0.5188284518828452,0.4307116104868914,1.6713286713286712,0.5067874888744052,0.44548263855305154,0.5808841036414566,143,926
p0125,32.0,77.0,2.5,3,0.892,0.4587378640776699,0.5079726651480638,1.648,0.5085746857586508,0.38596145876502275,0.5339426656738645,250,926
p0126,32.0,78.5,2.5,3,0.8476190476190476,0.7192429022082019,0.2672672672672673,3.019047619047619,0.30307647701124607,0.6486376441588169,0.7872501611863314,105,926
p0127,33.5,74.0,2.5,3,0.69,0.450199203187251,0.44089456869009586,1.255,0.4891654530208747,0.375,0.5211300891610269,200,926
p0128,33.5,75.5,2.5,3,0.7701863354037267,0.5694444444444444,0.38153846153846155,1.7888198757763976,0.42382629907317404,0.4965121243169399,0.6353956449082165,161,926
p0129,33.5,77.0,2.5,3,0.5172413793103449,0.5212765957446809,0.33088235294117646,1.0804597701149425,0.44286942148760333,0.40499105668684643,0.6451714985708452,87,926
p0130,33.5,78.5,2.5,3,0.660377358490566,0.6956521739130435,0.2631578947368421,2.169811320754717,0.3670716567395277,0.5964827935222672,0.7984883720930231,53,926
p0131,35.0,74.0,2.5,3,0.6878980891719745,0.5909090909090909,0.3450479233226837,1.6815286624203822,0.3815605147418146,0.5019268774703557,0.6763718386876282,157,926
p0132,35.0,75.5,2.5,3,0.660377358490566,0.6943231441048034,0.2641509433962264,2.160377358490566,0.30991125956386484,0.6192832970751753,0.7661495352651722,106,926
p0133,35.0,77.0,2.5,3,0.6774193548387096,0.8719512195121951,0.1206896551724138,5.290322580645161,0.16856609664205818,0.8045858514041948,0.9302362378569325,31,926
p0134,35.0,78.5,2.5,3,0.425,0.782051282051282,0.16831683168316833,1.95,0.2450207710525294,0.6421793976864779,0.9184240362811791,40,926
p0135,35.0,80.0,2.5,3,0.265625,0.8,0.12878787878787878,1.328125,0.1621162289329158,0.688124604680582,0.9210655314757482,64,926
p0136,36.5,72.5,2.5,3,0.06382978723404255,0.9776119402985075,0.016853932584269662,2.851063829787234,-0.04541642474679053,0.9492722918201916,1.0,47,926
p0137,36.5,74.0,2.5,3,0.45806451612903226,0.5103448275862069,0.31004366812227074,0.9354838709677419,0.37166416147734593,0.4140492833646617,0.6212329992841804,155,926
p0138,36.5,75.5,2.5,3,0.391025641025641,0.6234567901234568,0.23735408560311283,1.0384615384615385,0.2559321755956773,0.5277777777777778,0.7105439065578384,156,926
p0000,9.5,77.0,2.5,4,0.9234972677595629,0.4090909090909091,0.5633333333333334,1.5628415300546448,0.46072320864934074,0.34539473684210525,0.4707143904704482,366,926
p0001,9.5,78.5,2.5,4,0.6602564102564102,0.5654008438818565,0.35517241379310344,1.5192307692307692,0.4028361163414651,0.5,0.641860465116279,156,926
p0002,11.0,77.0,2.5,4,0.6704545454545454,0.7781954887218046,0.2,3.022727272727273,0.2222586017908238,0.6969561688311688,0.8550185873605948,88,926
p0003,11.0,78.5,2.5,4,0.7054263565891473,0.5707547169811321,0.364,1.6434108527131783,0.436036312100203,0.48908116992178124,0.657729249417888,129,926
p0004,12.5,75.5,2.5,4,0.9080188679245284,0.22379032258064516,0.719626168224299,1.169811320754717,0.6779593426568238,0.1708265186915888,0.2857224583197123,424,926
p0005,12.5,77.0,2.5,4,0.6223776223776224,0.6590038314176245,0.28253968253968254,1.8251748251748252,0.30115074568052946,0.5948881366510189,0.7247016239483467,143,926
p0006,12.5,78.5,2.5,4,0.7189542483660131,0.6153846153846154,0.3343465045592705,1.869281045751634,0.3642781459444887,0.5396575249010779,0.6877773006052634,153,926
p0007,12.5,80.0,2.5,4,0.6865671641791045,0.6554307116104869,0.2977346278317152,1.992537313432836,0.3296794208893485,0.5987395506792059,0.7130080574562735,134,926
p0008,14.0,75.5,2.5,4,0.6188340807174888,0.46511627906976744,0.40233236151603496,1.15695067264574,0.42534616059914393,0.3914286954257443,0.5416746183206106,223,926
p0009,14.0,77.0,2.5,4,0.6666666666666666,0.6771653543307087,0.27796610169491526,2.065040650406504,0.3118436385711993,0.6126073748166772,0.742892584514722,123,926
p0010,14.0,78.5,2.5,4,0.6666666666666666,0.620253164556962,0.3191489361702128,1.7555555555555555,0.36611975100006416,0.5381378649716339,0.7008001840679006,135,926
p0011,14.0,80.0,2.5,4,0.6909090909090909,0.5346938775510204,0.38513513513513514,1.4848484848484849,0.43598942471804825,0.45606527196652724,0.6147913424124514,165,926
p0012,15.5,74.0,2.5,4,0.9541547277936963,0.2109004739336493,0.7602739726027398,1.2091690544412608,0.7681632847707385,0.1469995662924485,0.29213345864661655,349,926
p0013,15.5,75.5,2.5,4,0.679144385026738,0.5347985347985348,0.3813813813813814,1.4598930481283423,0.4109887666816938,0.46354053982744514,0.6135768211201885,187,926
p0014,15.5,77.0,2.5,4,0.6722689075630253,0.6610169491525424,0.2909090909090909,1.9831932773109244,0.33750853016928256,0.583997902097902,0.7414494151036076,119,926
p0015,15.5,78.5,2.5,4,0.653179190751445,0.6062717770034843,0.3256484149855908,1.6589595375722543,0.3366640339437577,0.5411243147787057,0.6800415224913495,173,926
p0016,15.5,80.0,2.5,4,0.6551724137931034,0.6138211382113821,0.32094594594594594,1.696551724137931,0.3597889421654754,0.533921568627451,0.7032130048797695,145,926
p0017,17.0,74.0,2.5,4,0.9,0.37650602409638556,0.5830985915492958,1.4434782608695653,0.6272750019037673,0.29608471839041783,0.46690468152827846,230,926
p0018,17.0,75.5,2.5,4,0.6370370370370371,0.6055045871559633,0.32209737827715357,1.614814814814815,0.37464647896783054,0.5181347150259067,0.699495948746938,135,926
p0019,17.0,77.0,2.5,4,0.7635135135135135,0.5830258302583026,0.369281045751634,1.8310810810810811,0.41932821709154,0.5123340391810434,0.662020905923345,148,926
p0020,17.0,78.5,2.5,4,0.5357142857142857,0.6031746031746031,0.2952755905511811,1.35,0.34155100224840507,0.5278813889972689,0.6751920194829524,140,926
p0021,17.0,80.0,2.5,4,0.68125,0.5791505791505791,0.35161290322580646,1.61875,0.3899788275857548,0.5165932627068206,0.6431738061078089,160,926
p0022,17.0,81.5,2.5,4,0.7267080745341615,0.5951557093425606,0.35135135135135137,1.795031055900621,0.3819837969114021,0.5317620892524035,0.6582704683970506,161,926
p0023,18.5,74.0,2.5,4,0.6506024096385542,0.37572254335260113,0.4675324675324675,1.0421686746987953,0.5559151272233875,0.2897573247535597,0.47017238189219196,166,926
p0024,18.5,75.5,2.5,4,0.7730496453900709,0.5725490196078431,0.3797909407665505,1.8085106382978724,0.4408554001886114,0.47773143796992484,0.6594995959051724,141,926
p0025,18.5,77.0,2.5,4,0.7806451612903226,0.4829059829059829,0.45149253731343286,1.5096774193548388,0.526818551554885,0.3999747474747475,0.5588575708061002,155,926
p0026,18.5,78.5,2.5,4,0.6451612903225806,0.5798319327731093,0.3412969283276451,1.5354838709677419,0.3840241540232579,0.5096279599169773,0.6555082751588359,155,926
p0027,18.5,80.0,2.5,4,0.7174887892376681,0.4306049822064057,0.46511627906976744,1.2600896860986548,0.5008934377727915,0.3510591638671146,0.5104932301740812,223,926
p0028,18.5,81.5,2.5,4,0.7219917012448133,0.42,0.47411444141689374,1.2448132780082988,0.49849873444716947,0.3509003957783641,0.508376188249961,241,926
p0029,18.5,83.0,2.5,4,0.7151515151515152,0.6156351791530945,0.3333333333333333,1.8606060606060606,0.349134208159351,0.5462310713994952,0.6838578404774823,165,926
p0030,20.0,72.5,2.5,4,0.9068825910931174,0.27741935483870966,0.6726726726726727,1.2550607287449393,0.7216704077299375,0.20730856494611458,0.3438640753259295,247,926
p0031,20.0,74.0,2.5,4,0.6788321167883211,0.4745762711864407,0.42081447963800905,1.2919708029197081,0.5107526437882328,0.40588022165387894,0.5416805555555555,137,926
p0032,20.0,75.5,2.5,4,0.7333333333333333,0.49074074074074076,0.4296875,1.44,0.5067927446774358,0.421283014571949,0.5679461279461279,150,926
p0033,20.0,77.0,2.5,4,0.7486631016042781,0.38596491228070173,0.509090909090909,1.2192513368983957,0.5819315225170391,0.3090810276679842,0.4770133109568256,187,926
p0034,20.0,78.5,2.5,4,0.723404255319149,0.40611353711790393,0.48398576512455516,1.2180851063829787,0.5524900179310621,0.3235163977095263,0.5088811188811189,188,926
p0035,20.0,80.0,2.5,4,0.7758620689655172,0.36619718309859156,0.5357142857142857,1.2241379310344827,0.5825453704774014,0.29148325358851673,0.4503948646773074,232,926
p0036,20.0,81.5,2.5,4,0.8404907975460123,0.5308219178082192,0.4308176100628931,1.7914110429447854,0.48608871091378497,0.45713010204081633,0.6189103915181708,163,926
p0037,20.0,83.0,2.5,4,0.7045454545454546,0.45422535211267606,0.44412607449856734,1.290909090909091,0.4743316634673908,0.3900285923753666,0.5325809492729976,220,926
p0038,20.0,84.5,2.5,4,0.696969696969697,0.4597315436241611,0.4375,1.29004329004329,0.45572409406606884,0.4033126893601854,0.5217579359109372,231,926
p0039,20.0,86.0,2.5,4,0.770949720670391,0.5660377358490566,0.38440111420612816,1.776536312849162,0.4091830312548718,0.5064465725806452,0.6348311923501726,179,926
p0040,21.5,69.5,2.5,4,0.7623762376237624,0.5523255813953488,0.39285714285714285,1.702970297029703,0.49464811468718756,0.43605106516290726,0.6705627809890815,101,926
p0041,21.5,71.0,2.5,4,0.5461538461538461,0.24468085106382978,0.46405228758169936,0.7230769230769231,0.5850347571372361,0.15787818603111553,0.3537153782554774,130,926
p0042,21.5,72.5,2.5,4,0.7540106951871658,0.2914572864321608,0.5755102040816327,1.0641711229946524,0.6597152044097382,0.22580645161290322,0.36649650959860386,187,926
p0043,21.5,74.0,2.5,4,0.8486842105263158,0.44871794871794873,0.5019455252918288,1.5394736842105263,0.5860006985679357,0.3743894986280868,0.5351644405241935,152,926
p0044,21.5,75.5,2.5,4,0.7884615384615384,0.462882096069869,0.46946564885496184,1.4679487179487178,0.5484701573692741,0.4008430277251063,0.5381360186508747,156,926
p0045,21.5,77.0,2.5,4,0.7095238095238096,0.3605150214592275,0.5068027210884354,1.1095238095238096,0.570140671921321,0.2715337643678161,0.46134305835010053,210,926
p0046,21.5,78.5,2.5,4,0.6902654867256637,0.36585365853658536,0.4936708860759494,1.0884955752212389,0.5453541180802749,0.2730832420591457,0.46243247258386905,226,926
p0047,21.5,80.0,2.5,4,0.8235294117647058,0.3684210526315789,0.5562913907284768,1.303921568627451,0.6201804757998359,0.3007926829268293,0.4489961092350609,204,926
p0048,21.5,81.5,2.5,4,0.8011049723756906,0.43359375,0.4965753424657534,1.4143646408839778,0.5636975544087951,0.3593702168367347,0.5176991150442478,181,926
p0049,21.5,83.0,2.5,4,0.78,0.42857142857142855,0.4921135646687697,1.365,0.5465726677169569,0.36841711314213677,0.5091736694677871,200,926
p0050,21.5,84.5,2.5,4,0.7457627118644068,0.41914191419141916,0.48484848484848486,1.2838983050847457,0.5137237502035956,0.34579150801892233,0.5021684530475123,236,926
p0051,21.5,86.0,2.5,4,0.7095709570957096,0.33436532507739936,0.5231143552311436,1.066006600660066,0.5272778417348635,0.2808988764044944,0.4017520763764021,303,926
p0052,23.0,69.5,2.5,4,0.49411764705882355,0.5227272727272727,0.32061068702290074,1.035294117647059,0.4325589721698178,0.393931334622824,0.6527949669966997,85,926
p0053,23.0,71.0,2.5,4,0.5773195876288659,0.4105263157894737,0.4117647058823529,0.979381443298969,0.5351463962550671,0.3297778473091364,0.5,97,926
p0054,23.0,72.5,2.5,4,0.6854838709677419,0.3971631205673759,0.4722222222222222,1.1370967741935485,0.5819353489654123,0.2904921318606337,0.5041339676366414,124,926
p0055,23.0,74.0,2.5,4,0.8125,0.43478260869565216,0.5,1.4375,0.5917938284164124,0.35316266548113023,0.5256782945736433,144,926
p0056,23.0,75.5,2.5,4,0.6875,0.37948717948717947,0.484,1.1079545454545454,0.5654732890515304,0.27323134929772047,0.4816384688590462,176,926
p0057,23.0,77.0,2.5,4,0.7058823529411765,0.36,0.5052631578947369,1.1029411764705883,0.57255102241254,0.28,0.4508296681327469,204,926
p0058,23.0,78.5,2.5,4,0.8078817733990148,0.31092436974789917,0.592057761732852,1.1724137931034482,0.6643399264767208,0.2510429372076147,0.3799214481928454,203,926
p0059,23.0,80.0,2.5,4,0.8548387096774194,0.37401574803149606,0.5658362989323843,1.3655913978494623,0.6390117334287686,0.2811434217955957,0.47321520429159314,186,926
p0060,23.0,81.5,2.5,4,0.8076923076923077,0.30514705882352944,0.5962145110410094,1.1623931623931625,0.6526753794760594,0.24814279155188246,0.37571289950346176,234,926
p0061,23.0,83.0,2.5,4,0.7533632286995515,0.3660377358490566,0.525,1.188340807174888,0.5782054432450898,0.30391738606705476,0.44738330554894024,223,926
p0062,23.0,84.5,2.5,4,0.7916666666666666,0.3279742765273312,0.5710382513661202,1.178030303030303,0.6051998414086389,0.26470335556903174,0.4025427113229003,264,926
p0063,23.0,86.0,2.5,4,0.7058823529411765,0.40213523131672596,0.47863247863247865,1.180672268907563,0.5114203172662741,0.3366805711404921,0.4766228153495441,238,926
p0064,23.0,87.5,2.5,4,0.7490636704119851,0.38650306748466257,0.5089058524173028,1.2209737827715357,0.5234618727902004,0.3283350944393079,0.46201842705167173,267,926
p0065,24.5,69.5,2.5,4,0.3793103448275862,0.47619047619047616,0.28205128205128205,0.7241379310344828,0.40890023709648005,0.3170410783055199,0.7369694397283529,58,926
p0066,24.5,71.0,2.5,4,0.46153846153846156,0.5068493150684932,0.3130434782608696,0.9358974358974359,0.4304333608433641,0.38461538461538464,0.6666666666666666,78,926
p0067,24.5,72.5,2.5,4,0.6928571428571428,0.291970802919708,0.5388888888888889,0.9785714285714285,0.6476698664172879,0.2234540180489901,0.3764975990396158,140,926
p0068,24.5,74.0,2.5,4,0.7034482758620689,0.37037037037037035,0.4975609756097561,1.1172413793103448,0.5980733411433532,0.2849526255707762,0.4631022458850437,145,926
p0069,24.5,75.5,2.5,4,0.7394366197183099,0.4198895027624309,0.481651376146789,1.2746478873239437,0.5775513335002059,0.3442271662763466,0.5031925081288139,142,926
p0070,24.5,77.0,2.5,4,0.7068965517241379,0.39705882352941174,0.4823529411764706,1.1724137931034482,0.5619489958284952,0.3410289436206752,0.47030430984274896,174,926
p0071,24.5,78.5,2.5,4,0.8111888111888111,0.46788990825688076,0.47346938775510206,1.5244755244755244,0.5607307548044039,0.38792376985664473,0.5395600251414205,143,926
p0072,24.5,80.0,2.5,4,0.7848837209302325,0.41810344827586204,0.5018587360594795,1.3488372093023255,0.5783700763856797,0.32597633032655055,0.5116348283499447,172,926
p0073,24.5,81.5,2.5,4,0.8141025641025641,0.483739837398374,0.4618181818181818,1.5769230769230769,0.5362165820642978,0.40078947368421053,0.5746746486205101,156,926
p0074,24.5,83.0,2.5,4,0.8054054054054054,0.3659574468085106,0.5498154981549815,1.2702702702702702,0.6258833658972746,0.31358811197070807,0.4309765566671644,185,926
p0075,24.5,84.5,2.5,4,0.8092485549132948,0.4444444444444444,0.49122807017543857,1.4566473988439306,0.561721907049922,0.38429449959418116,0.5136213473716335,173,926
p0076,24.5,86.0,2.5,4,0.7551020408163265,0.44776119402985076,0.46835443037974683,1.3673469387755102,0.5207511829652997,0.385277149321267,0.5305381403808527,196,926
p0077,24.5,87.5,2.5,4,0.7407407407407407,0.5583596214511041,0.3825136612021858,1.6772486772486772,0.3998910331775299,0.4982698961937716,0.6289844741258169,189,926
p0078,24.5,92.0,2.5,4,0.8962765957446809,0.3122448979591837,0.6370510396975425,1.303191489361702,0.5898079531926282,0.25940856081513075,0.36956285054437477,376,926
p0079,24.5,93.5,2.5,4,0.8401486988847584,0.5097613882863341,0.44841269841269843,1.7137546468401488,0.3984793042372921,0.4515253375925657,0.5754989722166964,269,926
p0080,26.0,71.0,2.5,4,0.5230769230769231,0.4603174603174603,0.3617021276595745,0.9692307692307692,0.4964563432362377,0.37699795081967213,0.5757867132867133,65,926
p0081,26.0,72.5,2.5,4,0.5,0.5581395348837209,0.3064516129032258,1.131578947368421,0.41846063969621733,0.45121951219512196,0.6814259855189058,76,926
p0082,26.0,74.0,2.5,4,0.5638297872340425,0.5267857142857143,0.3464052287581699,1.1914893617021276,0.4543311726576311,0.4265509828009828,0.6521960958296362,94,926
p0083,26.0,75.5,2.5,4,0.6544117647058824,0.44025157232704404,0.4320388349514563,1.1691176470588236,0.528788023764581,0.36215983224603915,0.5240423387096774,136,926
p0084,26.0,77.0,2.5,4,0.7567567567567568,0.40106951871657753,0.5022421524663677,1.2635135135135136,0.5966930604493482,0.32795508021390374,0.48507793870882276,148,926
p0085,26.0,78.5,2.5,4,0.7988165680473372,0.38073394495412843,0.5357142857142857,1.2899408284023668,0.6194226459368128,0.32082532051282053,0.44947273899428986,169,926
p0086,26.0,80.0,2.5,4,0.7372262773722628,0.5589519650655022,0.38113207547169814,1.6715328467153285,0.4501068182641127,0.49019117647058824,0.6232027550581145,137,926
p0087,26.0,81.5,2.5,4,0.8865248226950354,0.4959677419354839,0.4734848484848485,1.7588652482269505,0.5565836887397598,0.4173695625039006,0.5875658045319295,141,926
p0088,26.0,83.0,2.5,4,0.8181818181818182,0.611764705882353,0.3574007220216607,2.1074380165289255,0.4246158357361781,0.5555433186490455,0.6744300607171497,121,926
p0089,26.0,84.5,2.5,4,0.828125,0.5826771653543307,0.38405797101449274,1.984375,0.4547432007426188,0.48851059905218647,0.6723131731355415,128,926
p0090,26.0,86.0,2.5,4,0.7430167597765364,0.49429657794676807,0.43042071197411,1.4692737430167597,0.48284243728144494,0.42903111739745403,0.5751145343688262,179,926
p0091,26.0,87.5,2.5,4,0.7365853658536585,0.531055900621118,0.4015957446808511,1.5707317073170732,0.41471759808080183,0.44479840666450987,0.6112902969584004,205,926
p0092,26.0,90.5,2.5,4,0.8825396825396825,0.389010989010989,0.5650406504065041,1.4444444444444444,0.5352299645847504,0.3363602450419527,0.4382320394960844,315,926
p0093,26.0,92.0,2.5,4,0.8861788617886179,0.5198237885462555,0.45228215767634855,1.8455284552845528,0.4245631214221151,0.4607262875928406,0.5825897709627329,246,926
p0094,26.0,93.5,2.5,4,0.8251121076233184,0.5779816513761468,0.3873684210526316,1.9551569506726458,0.35189933089292846,0.5309213292543243,0.6246927353316806,223,926
p0095,26.0,95.0,2.5,4,0.6195121951219512,0.24404761904761904,0.516260162601626,0.8195121951219512,0.46929752742754216,0.1930986967146348,0.30462164750957854,410,926
p0096,27.5,69.5,2.5,4,0.30952380952380953,0.5185185185185185,0.23214285714285715,0.6428571428571429,0.35387661052153313,0.3333333333333333,0.7391706924315619,42,926
p0097,27.5,71.0,2.5,4,0.45614035087719296,0.48,0.32098765432098764,0.8771929824561403,0.4546058126833865,0.3269230769230769,0.6271549636803874,57,926
p0098,27.5,72.5,2.5,4,0.4489795918367347,0.7349397590361446,0.2,1.6938775510204083,0.28580693789549333,0.630414653784219,0.847062908496732,49,926
p0099,27.5,74.0,2.5,4,0.5233644859813084,0.5213675213675214,0.3333333333333333,1.0934579439252337,0.4313598631473907,0.4105195681511471,0.6477340909090908,107,926
p0100,27.5,75.5,2.5,4,0.592,0.5131578947368421,0.3645320197044335,1.216,0.45330477524233187,0.4141956162117453,0.6285978835978836,125,926
p0101,27.5,77.0,2.5,4,0.6597222222222222,0.5153061224489796,0.3877551020408163,1.3611111111111112,0.46244465772934146,0.41916409861325116,0.6000265957446808,144,926
p0102,27.5,78.5,2.5,4,0.75,0.5384615384615384,0.4,1.625,0.469239587313718,0.48484848484848486,0.5938701500777995,144,926
p0103,27.5,80.0,2.5,4,0.8217054263565892,0.5725806451612904,0.39114391143911437,1.9224806201550388,0.46411661136792487,0.5095833333333333,0.6363721484508001,129,926
p0104,27.5,81.5,2.5,4,0.7862068965517242,0.5384615384615384,0.41007194244604317,1.703448275862069,0.4787789759817684,0.460889338565939,0.6223031149548447,145,926
p0105,27.5,83.0,2.5,4,0.8,0.5671641791044776,0.39057239057239057,1.8482758620689654,0.4499635728772176,0.4669195849546044,0.6507481033069866,145,926
p0106,27.5,84.5,2.5,4,0.8734939759036144,0.5892351274787535,0.3877005347593583,2.1265060240963853,0.41646899542650206,0.5276697171811179,0.6550749625187405,166,926
p0107,27.5,92.0,2.5,4,0.8502994011976048,0.39445628997867804,0.5472061657032755,1.404191616766467,0.49426660407264006,0.3374692197434672,0.4494130297280202,334,926
p0108,27.5,93.5,2.5,4,0.9382716049382716,0.5587808417997098,0.4287729196050776,2.126543209876543,0.2370709121460801,0.5092435945252056,0.6128180894308943,324,926
p0109,27.5,95.0,2.5,4,0.8722222222222222,0.34854771784232363,0.5946969696969697,1.3388888888888888,0.5419783105128371,0.2993940437708653,0.39847656249999996,360,926
p0110,27.5,96.5,2.5,4,0.8137254901960784,0.484472049689441,0.46111111111111114,1.5784313725490196,0.38056356288705295,0.43319608545172456,0.5334821428571429,306,926
p0111,29.0,72.5,2.5,4,0.52,0.6486486486486487,0.2653061224489796,1.48,0.37935656836461124,0.5194742757242756,0.7613636363636364,50,926
p0112,29.0,74.0,2.5,4,0.52,0.6320754716981132,0.2746478873239437,1.4133333333333333,0.3712971141550103,0.5057272106520997,0.7395428861199652,75,926
p0113,29.0,75.5,2.5,4,0.59,0.553030303030303,0.34104046242774566,1.32,0.43977668336588266,0.4347751124437781,0.6641830184740632,100,926
p0114,29.0,77.0,2.5,4,0.6991869918699187,0.558974358974359,0.3706896551724138,1.5853658536585367,0.4515330753190695,0.4712824198678738,0.6473226033834587,123,926
p0115,29.0,78.5,2.5,4,0.8435374149659864,0.4897119341563786,0.46616541353383456,1.653061224489796,0.5461066351856071,0.41378778203490846,0.5652215719063545,147,926
p0116,29.0,80.0,2.5,4,0.8356807511737089,0.34798534798534797,0.577922077922078,1.2816901408450705,0.6392978923586765,0.2774479420572463,0.4297271989512454,213,926
p0117,29.0,95.0,2.5,4,0.8969555035128806,0.3407917383820998,0.6128,1.360655737704918,0.4874781009711047,0.29389352559900955,0.3984119101123595,427,926
p0118,29.0,96.5,2.5,4,0.772020725388601,0.6218274111675127,0.3401826484018265,2.0414507772020727,0.3164009216354431,0.5507602179836513,0.6945152279975499,193,926
p0119,30.5,74.0,2.5,4,0.6764705882352942,0.6592592592592592,0.2929936305732484,1.9852941176470589,0.3940147861665625,0.5593000220118863,0.7534382474450968,68,926
p0120,30.5,75.5,2.5,4,0.6283185840707964,0.5823529411764706,0.33490566037735847,1.5044247787610618,0.4161725645909908,0.49696156192800484,0.6641857506361323,113,926
p0121,30.5,77.0,2.5,4,0.6625766871165644,0.46534653465346537,0.42023346303501946,1.2392638036809815,0.49299987506338694,0.3794116408355795,0.5606320049813199,163,926
p0122,30.5,78.5,2.5,4,0.8082901554404145,0.49019607843137253,0.45481049562682213,1.5854922279792747,0.49656062658812994,0.424812030075188,0.5584444834444834,193,926
p0123,30.5,80.0,2.5,4,0.3882978723404255,0.2275132275132275,0.34844868735083534,0.5026595744680851,0.3365961444594318,0.13612487995291056,0.3395859342488555,376,926
p0124,32.0,75.5,2.5,4,0.7552447552447552,0.5364806866952789,0.40298507462686567,1.6293706293706294,0.4737477711712096,0.45530835066389375,0.6095716718189482,143,926
p0125,32.0,77.0,2.5,4,0.86,0.4794188861985472,0.4799107142857143,1.652,0.47045194606295926,0.41314477026090973,0.5465393133997785,250,926
p0126,32.0,78.5,2.5,4,0.8,0.72,0.2616822429906542,2.857142857142857,0.2966637823286222,0.6461914006327294,0.7840141479099678,105,926
p0127,33.5,74.0,2.5,4,0.68,0.40611353711790393,0.4641638225255973,1.145,0.5243576069673552,0.3265279687004335,0.47257383966244726,200,926
p0128,33.5,75.5,2.5,4,0.8074534161490683,0.5819935691318328,0.38011695906432746,1.9316770186335404,0.4173507850295314,0.5062068411140542,0.6446381667113374,161,926
p0129,33.5,77.0,2.5,4,0.4827586206896552,0.5434782608695652,0.30656934306569344,1.0574712643678161,0.41253856530391464,0.43119266055045874,0.6823993808049535,87,926
p0130,33.5,78.5,2.5,4,0.5849056603773585,0.7350427350427351,0.22302158273381295,2.207547169811321,0.3103752637603608,0.6354136029411764,0.8373983739837398,53,926
p0131,35.0,74.0,2.5,4,0.7070063694267515,0.5647058823529412,0.3687707641196013,1.624203821656051,0.41633879817676367,0.48351344227727994,0.642572695035461,157,926
p0132,35.0,75.5,2.5,4,0.6698113207547169,0.6467661691542289,0.3008474576271186,1.8962264150943395,0.3677742375967228,0.5595869254529529,0.740751633986928,106,926
p0133,35.0,77.0,2.5,4,0.5161290322580645,0.8980891719745223,0.09302325581395349,5.064516129032258,0.12106793871764605,0.8499927745664739,0.9464420995670996,31,926
p0134,35.0,78.5,2.5,4,0.475,0.7564102564102564,0.1919191919191919,1.95,0.28097216290717086,0.6249632352941177,0.8590624999999998,40,926
p0135,35.0,80.0,2.5,4,0.25,0.7808219178082192,0.1322314049586777,1.140625,0.17263738320938068,0.6666,0.9056932865291795,64,926
p0136,36.5,72.5,2.5,4,0.06382978723404255,0.975609756097561,0.017964071856287425,2.617021276595745,-0.04117703519861783,0.9464165057915057,1.0,47,926
p0137,36.5,74.0,2.5,4,0.41935483870967744,0.5289855072463768,0.2850877192982456,0.8903225806451613,0.3395496591376489,0.43236236236236236,0.6312255319148936,155,926
p0138,36.5,75.5,2.5,4,0.4230769230769231,0.6094674556213018,0.2548262548262548,1.0833333333333333,0.2800074127192594,0.51875,0.6978485136419167,156,926
p0000,9.5,77.0,2.5,5,0.9153005464480874,0.4322033898305085,0.5394524959742351,1.6120218579234973,0.41585791925465837,0.37566366761883585,0.49017487365955875,366,926
p0001,9.5,78.5,2.5,5,0.6538461538461539,0.5853658536585366,0.34,1.5769230769230769,0.3795329949238579,0.5083282520325203,0.6620416666666668,156,926
p0002,11.0,77.0,2.5,5,0.6931818181818182,0.7598425196850394,0.21708185053380782,2.8863636363636362,0.2509963674868009,0.670956316410862,0.8403436673474171,88,926
p0003,11.0,78.5,2.5,5,0.6511627906976745,0.6018957345971564,0.328125,1.6356589147286822,0.388361072495603,0.5278940152598951,0.6808535967578521,129,926
p0004,12.5,75.5,2.5,5,0.9292452830188679,0.2537878787878788,0.7060931899641577,1.2452830188679245,0.6499280787813964,0.1954699560819803,0.318704916310666,424,926
p0005,12.5,77.0,2.5,5,0.6083916083916084,0.6789667896678967,0.26605504587155965,1.8951048951048952,0.27338830437654077,0.6212982410081386,0.7509927814581826,143,926
p0006,12.5,78.5,2.5,5,0.7124183006535948,0.6254295532646048,0.3253731343283582,1.9019607843137254,0.3502722773814181,0.5548437658003843,0.6953520941424167,153,926
p0007,12.5,80.0,2.5,5,0.7014925373134329,0.6678445229681979,0.29102167182662536,2.111940298507463,0.31661177319866707,0.609991935483871,0.7266003980264522,134,926
p0008,14.0,75.5,2.5,5,0.695067264573991,0.44642857142857145,0.4454022988505747,1.2556053811659194,0.4757434775211353,0.3725264818571107,0.5189352151253471,223,926
p0009,14.0,77.0,2.5,5,0.6585365853658537,0.6785714285714286,0.2755102040816326,2.048780487804878,0.3085627747512778,0.6110892388451444,0.7451069518716578,123,926
p0010,14.0,78.5,2.5,5,0.6592592592592592,0.6147186147186147,0.3212996389891697,1.711111111111111,0.3704917084318703,0.5253230926779313,0.7003998692351853,135,926
p0011,14.0,80.0,2.5,5,0.6848484848484848,0.571969696969697,0.3575949367088608,1.6,0.39388135451127576,0.48964555276010063,0.6597077019784291,165,926
p0012,15.5,74.0,2.5,5,0.9541547277936963,0.20902612826603326,0.7620137299771167,1.2063037249283668,0.7702463486671025,0.13820605396344413,0.29805242692410827,349,926
p0013,15.5,75.5,2.5,5,0.6310160427807486,0.5580524344569289,0.35119047619047616,1.427807486631016,0.3702370330623374,0.4866774926066751,0.6277326839826839,187,926
p0014,15.5,77.0,2.5,5,0.6386554621848739,0.670995670995671,0.2773722627737226,1.9411764705882353,0.3187179048907187,0.6040403625228632,0.7398689815732117,119,926
p0015,15.5,78.5,2.5,5,0.6994219653179191,0.5870307167235495,0.3507246376811594,1.69364161849711,0.3717051657185783,0.5199793510324484,0.6611665607120153,173,926
p0016,15.5,80.0,2.5,5,0.6413793103448275,0.6092436974789915,0.32068965517241377,1.6413793103448275,0.36135248111245705,0.5207325926393536,0.6985004578754578,145,926
p0017,17.0,74.0,2.5,5,0.9130434782608695,0.4034090909090909,0.5645161290322581,1.5304347826086957,0.6021028508376391,0.3245946396716509,0.4908800517010024,230,926
p0018,17.0,75.5,2.5,5,0.6296296296296297,0.5913461538461539,0.32945736434108525,1.5407407407407407,0.3872897367837282,0.5059671426652939,0.6783771929824561,135,926
p0019,17.0,77.0,2.5,5,0.7162162162162162,0.602996254681648,0.343042071197411,1.804054054054054,0.3841995950966068,0.5248479703806016,0.6821500965250965,148,926
p0020,17.0,78.5,2.5,5,0.5928571428571429,0.6084905660377359,0.30855018587360594,1.5142857142857142,0.3539341015484336,0.5487061403508773,0.6779734708916728,140,926
p0021,17.0,80.0,2.5,5,0.675,0.5985130111524164,0.3364485981308411,1.68125,0.36614884276964016,0.5376263842079922,0.6630162491536898,160,926
p0022,17.0,81.5,2.5,5,0.7267080745341615,0.6225806451612903,0.3305084745762712,1.9254658385093169,0.3474723928569305,0.5614006791171476,0.6883959171140475,161,926
p0023,18.5,74.0,2.5,5,0.5903614457831325,0.4235294117647059,0.4117647058823529,1.0240963855421688,0.4910010365298238,0.3333333333333333,0.5166810344827587,166,926
p0024,18.5,75.5,2.5,5,0.7872340425531915,0.5595238095238095,0.39361702127659576,1.7872340425531914,0.4593005388350509,0.48185993725341064,0.645457422324511,141,926
p0025,18.5,77.0,2.5,5,0.7483870967741936,0.48214285714285715,0.44106463878326996,1.4451612903225806,0.5164645452801637,0.405688159008697,0.5580262907220424,155,926
p0026,18.5,78.5,2.5,5,0.6645161290322581,0.5422222222222223,0.37184115523465705,1.4516129032258065,0.42890157019813563,0.4601689167366449,0.634744707347447,155,926
p0027,18.5,80.0,2.5,5,0.6905829596412556,0.4671280276816609,0.4301675977653631,1.295964125560538,0.4527979421698753,0.39334504956532346,0.5437360210243793,223,926
p0028,18.5,81.5,2.5,5,0.7510373443983402,0.45317220543806647,0.4629156010230179,1.3734439834024896,0.4746170264501662,0.3824351268142501,0.53747164618742,241,926
p0029,18.5,83.0,2.5,5,0.6666666666666666,0.6245733788395904,0.3160919540229885,1.7757575757575759,0.32689100782485997,0.547075790176584,0.707924635631265,165,926
p0030,20.0,72.5,2.5,5,0.9149797570850202,0.29153605015673983,0.6647058823529411,1.291497975708502,0.7119908329468256,0.22111731521989408,0.3639556421998531,247,926
p0031,20.0,74.0,2.5,5,0.6131386861313869,0.5670103092783505,0.340080971659919,1.416058394160584,0.40423130057233075,0.5064043209876543,0.6302139945652174,137,926
p0032,20.0,75.5,2.5,5,0.6866666666666666,0.5024154589371981,0.40551181102362205,1.38,0.47919786056420915,0.42929021979451165,0.5789533222195761,150,926
p0033,20.0,77.0,2.5,5,0.6844919786096256,0.4155251141552511,0.460431654676259,1.1711229946524064,0.5276313552116987,0.33465986394557823,0.5108399664851277,187,926
p0034,20.0,78.5,2.5,5,0.6595744680851063,0.4700854700854701,0.4161073825503356,1.2446808510638299,0.4678653050979563,0.3827832503019324,0.5723609731876862,188,926
p0035,20.0,80.0,2.5,5,0.7801724137931034,0.3626760563380282,0.5402985074626866,1.2241379310344827,0.5878973529071784,0.2982755726430931,0.4515248647446824,232,926
p0036,20.0,81.5,2.5,5,0.7852760736196319,0.5477031802120141,0.4025157232704403,1.7361963190184049,0.451452587470147,0.46642960646735815,0.6384793814432989,163,926
p0037,20.0,83.0,2.5,5,0.6772727272727272,0.46785714285714286,0.42450142450142453,1.2727272727272727,0.44952324896998236,0.39774591373104384,0.5524844028520498,220,926
p0038,20.0,84.5,2.5,5,0.683982683982684,0.47854785478547857,0.42021276595744683,1.3116883116883118,0.4305524995909709,0.41933928730116415,0.536061601234015,231,926
p0039,20.0,86.0,2.5,5,0.8100558659217877,0.5538461538461539,0.403899721448468,1.8156424581005586,0.4343892177626058,0.5,0.6173417354306343,179,926
p0040,21.5,69.5,2.5,5,0.693069306930693,0.5625,0.36649214659685864,1.5841584158415842,0.46483192113332633,0.43895303580695383,0.6710540135033758,101,926
p0041,21.5,71.0,2.5,5,0.5,0.3010752688172043,0.41139240506329117,0.7153846153846154,0.5276494915477353,0.2,0.4090909090909091,130,926
p0042,21.5,72.5,2.5,5,0.7433155080213903,0.3317307692307692,0.54296875,1.1122994652406417,0.6237837612595407,0.25988021512385917,0.4108844256518675,187,926
p0043,21.5,74.0,2.5,5,0.8092105263157895,0.47435897435897434,0.467680608365019,1.5394736842105263,0.5471882640586797,0.3955117994100295,0.5589469009080141,152,926
p0044,21.5,75.5,2.5,5,0.7371794871794872,0.5168067226890757,0.4121863799283154,1.5256410256410255,0.4773906699519595,0.44710501269035535,0.5931525735294118,156,926
p0045,21.5,77.0,2.5,5,0.7333333333333333,0.3662551440329218,0.5150501672240803,1.1571428571428573,0.5769931131819872,0.2799506726457399,0.47306967894907925,210,926
p0046,21.5,78.5,2.5,5,0.6548672566371682,0.3983739837398374,0.4567901234567901,1.0884955752212389,0.49988952988830243,0.3095166379804934,0.4955799085045748,226,926
p0047,21.5,80.0,2.5,5,0.8235294117647058,0.3935018050541516,0.536741214057508,1.357843137254902,0.5960468124793165,0.32571282584695116,0.47063204005006254,204,926
p0048,21.5,81.5,2.5,5,0.7955801104972375,0.4744525547445255,0.4630225080385852,1.5138121546961325,0.5199570375797009,0.399971098265896,0.5612364307425097,181,926
p0049,21.5,83.0,2.5,5,0.795,0.445993031358885,0.4847560975609756,1.435,0.5344685003063999,0.3878096846846847,0.5226062577876228,200,926
p0050,21.5,84.5,2.5,5,0.7330508474576272,0.4075342465753425,0.48732394366197185,1.2372881355932204,0.5199940758293838,0.3381327457836771,0.49431117714997597,236,926
p0051,21.5,86.0,2.5,5,0.7260726072607261,0.35294117647058826,0.5200945626477541,1.1221122112211221,0.5172351802104895,0.29259701017811707,0.42144841269841266,303,926
p0052,23.0,69.5,2.5,5,0.5764705882352941,0.5242718446601942,0.35251798561151076,1.2117647058823529,0.46774131742645836,0.3999537037037037,0.6481678486997635,85,926
p0053,23.0,71.0,2.5,5,0.4948453608247423,0.4725274725274725,0.34285714285714286,0.9381443298969072,0.45541250623266044,0.359517021633406,0.5833485401459855,97,926
p0054,23.0,72.5,2.5,5,0.6854838709677419,0.3795620437956204,0.48295454545454547,1.1048387096774193,0.5943093736459487,0.3028046184081231,0.4705977229601518,124,926
p0055,23.0,74.0,2.5,5,0.8194444444444444,0.4660633484162896,0.4777327935222672,1.5347222222222223,0.5645799768172572,0.37648026315789473,0.565104511259771,144,926
p0056,23.0,75.5,2.5,5,0.6477272727272727,0.3870967741935484,0.4596774193548387,1.0568181818181819,0.5399866538147846,0.29411764705882354,0.4886896893588896,176,926
p0057,23.0,77.0,2.5,5,0.6666666666666666,0.3789954337899543,0.4738675958188153,1.0735294117647058,0.5375298499070601,0.2955613061462036,0.45715873015873015,204,926
p0058,23.0,78.5,2.5,5,0.7684729064039408,0.33047210300429186,0.5571428571428572,1.1477832512315271,0.6285671771183097,0.26720501615048453,0.3969493713515941,203,926
p0059,23.0,80.0,2.5,5,0.8010752688172043,0.4247104247104247,0.5033783783783784,1.39247311827957,0.5688548786590735,0.34291852556132524,0.5212778562065141,186,926
p0060,23.0,81.5,2.5,5,0.7948717948717948,0.34507042253521125,0.5602409638554217,1.2136752136752136,0.6101120095975268,0.28888888888888886,0.421546891912788,234,926
p0061,23.0,83.0,2.5,5,0.7488789237668162,0.3650190114068441,0.5235109717868338,1.1793721973094171,0.576988501463614,0.30399829254410926,0.4342640387355687,223,926
p0062,23.0,84.5,2.5,5,0.7424242424242424,0.3509933774834437,0.5297297297297298,1.143939393939394,0.5581527998683705,0.27519559571043867,0.44665574289955134,264,926
p0063,23.0,86.0,2.5,5,0.7184873949579832,0.4337748344370861,0.4634146341463415,1.26890756302521,0.48539383869229386,0.3639986394557823,0.5167414434046917,238,926
p0064,23.0,87.5,2.5,5,0.7565543071161048,0.40762463343108507,0.4975369458128079,1.2771535580524345,0.504077035761353,0.34895802839578455,0.4809699531338969,267,926
p0065,24.5,69.5,2.5,5,0.43103448275862066,0.4791666666666667,0.30864197530864196,0.8275862068965517,0.43992742040005184,0.3157894736842105,0.7111904761904762,58,926
p0066,24.5,71.0,2.5,5,0.41025641025641024,0.5789473684210527,0.26229508196721313,0.9743589743589743,0.36259063236148925,0.4406199210587416,0.7230851063829787,78,926
p0067,24.5,72.5,2.5,5,0.6428571428571429,0.3283582089552239,0.4891304347826087,0.9571428571428572,0.5973987530295461,0.2352738336713996,0.43538723181580324,140,926
p0068,24.5,74.0,2.5,5,0.696551724137931,0.36875,0.4950980392156863,1.103448275862069,0.5959072999195018,0.2848440610484406,0.4642857142857143,145,926
p0069,24.5,75.5,2.5,5,0.6971830985915493,0.4406779661016949,0.45,1.2464788732394365,0.5429044654585805,0.3511013519727766,0.5423922395250795,142,926
p0070,24.5,77.0,2.5,5,0.6954022988505747,0.4068627450980392,0.4708171206225681,1.1724137931034482,0.5486747229748132,0.3452798824802845,0.4821532392026578,174,926
p0071,24.5,78.5,2.5,5,0.7762237762237763,0.5131578947368421,0.4269230769230769,1.5944055944055944,0.504293341189489,0.43494019718765153,0.5901284137540681,143,926
p0072,24.5,80.0,2.5,5,0.7906976744186046,0.4426229508196721,0.4857142857142857,1.4186046511627908,0.55740839086564,0.35437845586729466,0.5459608843537415,172,926
p0073,24.5,81.5,2.5,5,0.8205128205128205,0.5,0.4507042253521127,1.641025641025641,0.5210979976130486,0.4207192512100218,0.5924821468841615,156,926
p0074,24.5,83.0,2.5,5,0.7891891891891892,0.4251968503937008,0.49829351535836175,1.372972972972973,0.5644569870798057,0.37080941123494315,0.48782173766438125,185,926
p0075,24.5,84.5,2.5,5,0.7861271676300579,0.4645669291338583,0.46735395189003437,1.4682080924855492,0.5332630935424918,0.4098332194899818,0.5384715025906736,173,926
p0076,24.5,86.0,2.5,5,0.6989795918367347,0.4669260700389105,0.43354430379746833,1.3112244897959184,0.4799613470793828,0.4024152235016774,0.5565683548009368,196,926
p0077,24.5,87.5,2.5,5,0.7566137566137566,0.550314465408805,0.39285714285714285,1.6825396825396826,0.4140884911159592,0.4962665204511792,0.6047457559892114,189,926
p0078,24.5,92.0,2.5,5,0.898936170212766,0.31020408163265306,0.6401515151515151,1.303191489361702,0.5940807870135383,0.26132951993322606,0.37428469642961004,376,926
p0079,24.5,93.5,2.5,5,0.8104089219330854,0.5229759299781181,0.42913385826771655,1.6988847583643123,0.3702305293027837,0.4619609967497291,0.5871068548387096,269,926
p0080,26.0,71.0,2.5,5,0.46153846153846156,0.5238095238095238,0.30612244897959184,0.9692307692307692,0.42931718900106947,0.4262219186399514,0.645282258064516,65,926
p0081,26.0,72.5,2.5,5,0.4868421052631579,0.6063829787234043,0.2781954887218045,1.236842105263158,0.3789229522398905,0.505458768873403,0.7191235955056179,76,926
p0082,26.0,74.0,2.5,5,0.648936170212766,0.5447761194029851,0.3652694610778443,1.425531914893617,0.4720979261681439,0.4360427847346452,0.6614403313222211,94,926
p0083,26.0,75.5,2.5,5,0.6691176470588235,0.4583333333333333,0.4272300469483568,1.2352941176470589,0.5209153209390691,0.38064230659434767,0.5489247852925389,136,926
p0084,26.0,77.0,2.5,5,0.722972972972973,0.4397905759162304,0.46120689655172414,1.2905405405405406,0.5502723620511466,0.38427248908296946,0.5059796277665995,148,926
p0085,26.0,78.5,2.5,5,0.7751479289940828,0.3640776699029126,0.5368852459016393,1.2189349112426036,0.6230918298982069,0.3037941546822188,0.4268915208785595,169,926
p0086,26.0,80.0,2.5,5,0.7299270072992701,0.5670995670995671,0.373134328358209,1.686131386861314,0.4393420644817172,0.5043450626381725,0.6326607047313307,137,926
p0087,26.0,81.5,2.5,5,0.8723404255319149,0.5020242914979757,0.4641509433962264,1.75177304964539,0.5460063390347818,0.42307347670250894,0.5896821444381205,141,926
p0088,26.0,83.0,2.5,5,0.8512396694214877,0.6053639846743295,0.36917562724014336,2.15702479338843,0.4391162198437554,0.5483822386319471,0.6713743397887324,121,926
p0089,26.0,84.5,2.5,5,0.84375,0.5909090909090909,0.38028169014084506,2.0625,0.4483020094242539,0.505874183006536,0.6817426657301852,128,926
p0090,26.0,86.0,2.5,5,0.7597765363128491,0.5072463768115942,0.4263322884012539,1.541899441340782,0.47458467949473215,0.43506275115019505,0.5837176470588236,179,926
p0091,26.0,87.5,2.5,5,0.751219512195122,0.543026706231454,0.39690721649484534,1.6439024390243901,0.40425929693557167,0.46052342182435557,0.6250163612565445,205,926
p0092,26.0,90.5,2.5,5,0.9238095238095239,0.3782051282051282,0.5914634146341463,1.4857142857142858,0.5673681714851541,0.32950087808485073,0.4305759803921569,315,926
p0093,26.0,92.0,2.5,5,0.8699186991869918,0.5265486725663717,0.44214876033057854,1.8373983739837398,0.4102801181232369,0.46787996705200674,0.5829875886524822,246,926
p0094,26.0,93.5,2.5,5,0.7937219730941704,0.5958904109589042,0.365702479338843,1.9641255605381165,0.317839985794432,0.5476731128787795,0.6439578454332553,223,926
p0095,26.0,95.0,2.5,5,0.6121951219512195,0.24624624624624625,0.5101626016260162,0.8121951219512196,0.46219617407062885,0.20274797993870158,0.30001689189189185,410,926
p0096,27.5,69.5,2.5,5,0.30952380952380953,0.6060606060606061,0.20967741935483872,0.7857142857142857,0.31950568403371427,0.4,0.7647058823529411,42,926
p0097,27.5,71.0,2.5,5,0.40350877192982454,0.5106382978723404,0.2839506172839506,0.8245614035087719,0.40945176258439075,0.4,0.6470860566448802,57,926
p0098,27.5,72.5,2.5,5,0.46938775510204084,0.6973684210526315,0.22549019607843138,1.5510204081632653,0.3245369429927425,0.6133124999999999,0.7910738515216127,49,926
p0099,27.5,74.0,2.5,5,0.5514018691588785,0.528,0.34104046242774566,1.1682242990654206,0.43873416913899255,0.43847760695187166,0.6363636363636364,107,926
p0100,27.5,75.5,2.5,5,0.576,0.535483870967742,0.34615384615384615,1.24,0.4289393733278919,0.43477369921596576,0.629926653003991,125,926
p0101,27.5,77.0,2.5,5,0.6597222222222222,0.5153061224489796,0.3877551020408163,1.3611111111111112,0.46244465772934146,0.42777035623409665,0.5987487508327781,144,926
p0102,27.5,78.5,2.5,5,0.6597222222222222,0.5410628019323671,0.37109375,1.4375,0.43828039636788363,0.4910527073732719,0.5955921464330413,144,926
p0103,27.5,80.0,2.5,5,0.813953488372093,0.5714285714285714,0.3903345724907063,1.8992248062015504,0.46359417054614044,0.4944428838951311,0.6442703027586488,129,926
p0104,27.5,81.5,2.5,5,0.7793103448275862,0.5425101214574899,0.4050179211469534,1.703448275862069,0.47242262203032653,0.4585603794432317,0.631070336034374,145,926
p0105,27.5,83.0,2.5,5,0.7931034482758621,0.5740740740740741,0.38333333333333336,1.8620689655172413,0.44014510278113667,0.4682960550571464,0.6586406373156176,145,926
p0106,27.5,84.5,2.5,5,0.8795180722891566,0.6010928961748634,0.37823834196891193,2.2048192771084336,0.4011640439749946,0.5421256134187874,0.6612173206519141,166,926
p0107,27.5,92.0,2.5,5,0.8263473053892215,0.3934065934065934,0.5380116959064327,1.3622754491017963,0.4856447779803785,0.3396584440227704,0.4467952760590195,334,926
p0108,27.5,93.5,2.5,5,0.9228395061728395,0.557037037037037,0.42714285714285716,2.0833333333333335,0.23857741031918864,0.5073128083365178,0.6115184642587681,324,926
p0109,27.5,95.0,2.5,5,0.8777777777777778,0.3667334669338677,0.58195211786372,1.386111111111111,0.5180555491867551,0.32166210963569364,0.4216730670762929,360,926
p0110,27.5,96.5,2.5,5,0.8235294117647058,0.48041237113402063,0.4675324675324675,1.5849673202614378,0.3899588197756894,0.42537038491751766,0.5337477191419664,306,926
p0111,29.0,72.5,2.5,5,0.44,0.6986301369863014,0.21782178217821782,1.46,0.31373946978367323,0.6086017176596887,0.7973015737256243,50,926
p0112,29.0,74.0,2.5,5,0.5333333333333333,0.6330275229357798,0.2777777777777778,1.4533333333333334,0.3747873846033993,0.5508359611089213,0.71296977124183,75,926
p0113,29.0,75.5,2.5,5,0.59,0.6143790849673203,0.30412371134020616,1.53,0.38623709973585757,0.5097903050108932,0.7151933382611106,100,926
p0114,29.0,77.0,2.5,5,0.6910569105691057,0.5853658536585366,0.3497942386831276,1.6666666666666667,0.4223878593593317,0.49745707469973094,0.6778326840763719,123,926
p0115,29.0,78.5,2.5,5,0.8163265306122449,0.5294117647058824,0.425531914893617,1.7346938775510203,0.4953882172482693,0.46152694610778444,0.6103942932067932,147,926
p0116,29.0,80.0,2.5,5,0.8215962441314554,0.36594202898550726,0.5573248407643312,1.295774647887324,0.616051879560193,0.29833965587318795,0.454555692055692,213,926
p0117,29.0,95.0,2.5,5,0.8852459016393442,0.3345070422535211,0.6126418152350082,1.3302107728337236,0.4927457838449867,0.2863885582394612,0.3885793650793651,427,926
p0118,29.0,96.5,2.5,5,0.7409326424870466,0.6196808510638298,0.33568075117370894,1.9481865284974094,0.3135494213611765,0.541102953308035,0.6892286943209157,193,926
p0119,30.5,74.0,2.5,5,0.6764705882352942,0.6515151515151515,0.2987012987012987,1.9411764705882353,0.4020376925284607,0.5499596774193549,0.7410791256157636,68,926
p0120,30.5,75.5,2.5,5,0.5752212389380531,0.644808743169399,0.2813852813852814,1.6194690265486726,0.3395320059466009,0.5680353430353431,0.7207954545454545,113,926
p0121,30.5,77.0,2.5,5,0.6993865030674846,0.43283582089552236,0.456,1.2331288343558282,0.5362122428536705,0.35203807918016994,0.517473728391991,163,926
p0122,30.5,78.5,2.5,5,0.7668393782383419,0.5083056478405316,0.4277456647398844,1.5595854922279793,0.46272907887873693,0.4507030670867309,0.5801577835332606,193,926
p0123,30.5,80.0,2.5,5,0.39893617021276595,0.2537313432835821,0.351288056206089,0.5345744680851063,0.330544173300274,0.16759149469843804,0.3690806878306878,376,926
p0124,32.0,75.5,2.5,5,0.7132867132867133,0.5363636363636364,0.39080459770114945,1.5384615384615385,0.4611116397894721,0.46967703349282297,0.6012962890164321,143,926
p0125,32.0,77.0,2.5,5,0.848,0.4713216957605985,0.48291571753986334,1.604,0.47753314476320197,0.39796069159154723,0.5441863624015213,250,926
p0126,32.0,78.5,2.5,5,0.7904761904761904,0.7356687898089171,0.24702380952380953,2.9904761904761905,0.27255056605413996,0.6736025165016503,0.8021709953759528,105,926
p0127,33.5,74.0,2.5,5,0.685,0.4475806451612903,0.4405144694533762,1.24,0.48954531630170317,0.38529506029405874,0.5177030657395701,200,926
p0128,33.5,75.5,2.5,5,0.7577639751552795,0.6,0.3546511627906977,1.8944099378881987,0.38323342514086156,0.5273404283588435,0.6606151256151256,161,926
p0129,33.5,77.0,2.5,5,0.39080459770114945,0.6263736263736264,0.2361111111111111,1.0459770114942528,0.3163483093278924,0.5096108490566037,0.7384782608695653,87,926
p0130,33.5,78.5,2.5,5,0.660377358490566,0.7131147540983607,0.25,2.30188679245283,0.34796604031706435,0.631578947368421,0.7941477468180254,53,926
p0131,35.0,74.0,2.5,5,0.6942675159235668,0.5932835820895522,0.3449367088607595,1.7070063694267517,0.38046787632757806,0.5100361921996286,0.6666984732824427,157,926
p0132,35.0,75.5,2.5,5,0.6886792452830188,0.663594470046083,0.292,2.047169811320755,0.3524066157238022,0.5798911569239116,0.7409840927800105,106,926
p0133,35.0,77.0,2.5,5,0.5483870967741935,0.8957055214723927,0.096045197740113,5.258064516129032,0.12609562457974025,0.8407617064464199,0.9435263653483992,31,926
p0134,35.0,78.5,2.5,5,0.35,0.8227848101265823,0.13333333333333333,1.975,0.1887671602133354,0.7199347826086956,0.9178138333707613,40,926
p0135,35.0,80.0,2.5,5,0.265625,0.8,0.12878787878787878,1.328125,0.1621162289329158,0.6853502637009861,0.9268513076697033,64,926
p0136,36.5,72.5,2.5,5,0.0425531914893617,0.9841269841269841,0.011695906432748537,2.6808510638297873,-0.05486875985817706,0.9596438172043011,1.0,47,926
p0137,36.5,74.0,2.5,5,0.44516129032258067,0.5174825174825175,0.30131004366812225,0.9225806451612903,0.36032605410633023,0.42566252629875384,0.6164284708532807,155,926
p0138,36.5,75.5,2.5,5,0.4358974358974359,0.6201117318435754,0.2546816479400749,1.1474358974358974,0.27554430300123445,0.518028090623363,0.7071856892602075,156,926
p0000,9.5,77.0,2.5,6,0.9234972677595629,0.43666666666666665,0.5382165605095541,1.639344262295082,0.4102118089414824,0.37787111978288446,0.4982417840375587,366,926
p0001,9.5,78.5,2.5,6,0.6217948717948718,0.6072874493927125,0.31699346405228757,1.5833333333333333,0.3464206352958658,0.5274378881987578,0.6846482374490673,156,926
p0002,11.0,77.0,2.5,6,0.5568181818181818,0.7966804979253111,0.175,2.7386363636363638,0.18430585956268733,0.7126320956039266,0.8801908599950904,88,926
p0003,11.0,78.5,2.5,6,0.6666666666666666,0.6055045871559633,0.32950191570881227,1.689922480620155,0.38867050453074187,0.539995575221239,0.6754092618538455,129,926
p0004,12.5,75.5,2.5,6,0.9245283018867925,0.26865671641791045,0.6901408450704225,1.2641509433962264,0.6248526812021213,0.20953713531400234,0.3355647792191879,424,926
p0005,12.5,77.0,2.5,6,0.6713286713286714,0.673469387755102,0.28152492668621704,2.055944055944056,0.29230951593683907,0.6187136254707293,0.7358694968553459,143,926
p0006,12.5,78.5,2.5,6,0.6666666666666666,0.6554054054054054,0.29394812680115273,1.934640522875817,0.3023634831702532,0.5893919062421563,0.7253549311671146,153,926
p0007,12.5,80.0,2.5,6,0.6940298507462687,0.6825938566552902,0.27844311377245506,2.1865671641791047,0.2957352672006261,0.6100854807253413,0.7417000635170286,134,926
p0008,14.0,75.5,2.5,6,0.6860986547085202,0.5188679245283019,0.3943298969072165,1.4260089686098654,0.394076928645813,0.44806661930037195,0.5949043616697492,223,926
p0009,14.0,77.0,2.5,6,0.7235772357723578,0.6898954703832753,0.2772585669781931,2.3333333333333335,0.3048812844191058,0.6335814249363867,0.7500210437710437,123,926
p0010,14.0,78.5,2.5,6,0.6370370370370371,0.6546184738955824,0.28859060402684567,1.8444444444444446,0.3191979303217573,0.5789473684210527,0.7333417085427135,135,926
p0011,14.0,80.0,2.5,6,0.6909090909090909,0.5746268656716418,0.3573667711598746,1.6242424242424243,0.3925789874503229,0.49659438775510206,0.6579995854617421,165,926
p0012,15.5,74.0,2.5,6,0.9455587392550143,0.23255813953488372,0.734966592427617,1.2320916905444126,0.7383895122194419,0.16414036880376406,0.3154758622367471,349,926
p0013,15.5,75.5,2.5,6,0.7058823529411765,0.5875,0.352,1.7112299465240641,0.3567275201399649,0.5142372134038801,0.6533333333333333,187,926
p0014,15.5,77.0,2.5,6,0.6050420168067226,0.698744769874477,0.2517482517482518,2.008403361344538,0.27842229067895974,0.6300337457817773,0.7687150184618983,119,926
p0015,15.5,78.5,2.5,6,0.7514450867052023,0.5637583892617449,0.3812316715542522,1.722543352601156,0.41332220347227644,0.5,0.6336855695536331,173,926
p0016,15.5,80.0,2.5,6,0.6,0.625,0.3,1.6,0.3329903272278247,0.5426738671713546,0.7090159552594785,145,926
p0017,17.0,74.0,2.5,6,0.8869565217391304,0.4069767441860465,0.5513513513513514,1.4956521739130435,0.5882062986894697,0.32079611592059903,0.505622876927097,230,926
p0018,17.0,75.5,2.5,6,0.6,0.6267281105990783,0.2988929889298893,1.6074074074074074,0.3419408891315894,0.5450578399249312,0.7277778653882546,135,926
p0019,17.0,77.0,2.5,6,0.7837837837837838,0.6040955631399317,0.3569230769230769,1.9797297297297298,0.39828627214446055,0.5287264612374664,0.6844480286738351,148,926
p0020,17.0,78.5,2.5,6,0.5642857142857143,0.6220095693779905,0.29259259259259257,1.4928571428571429,0.3317085704353609,0.5549679752066117,0.6962875726193484,140,926
p0021,17.0,80.0,2.5,6,0.65625,0.6096654275092936,0.32407407407407407,1.68125,0.348293880594137,0.5523388111145596,0.6678857361299443,160,926
p0022,17.0,81.5,2.5,6,0.6708074534161491,0.6571428571428571,0.29347826086956524,1.9565217391304348,0.290517642759897,0.5935483870967742,0.7279857283254284,161,926
p0023,18.5,74.0,2.5,6,0.5963855421686747,0.4789473684210526,0.3852140077821012,1.144578313253012,0.4511583938539103,0.3878756957328386,0.5828988413547237,166,926
p0024,18.5,75.5,2.5,6,0.8226950354609929,0.5606060606060606,0.4013840830449827,1.872340425531915,0.4670406078873652,0.47599963704555076,0.6428637812002125,141,926
p0025,18.5,77.0,2.5,6,0.6967741935483871,0.5555555555555556,0.3724137931034483,1.5677419354838709,0.4252331030155038,0.4656148097826087,0.6465294453973699,155,926
p0026,18.5,78.5,2.5,6,0.6129032258064516,0.5991561181434599,0.31986531986531985,1.5290322580645161,0.35392819889334837,0.515126978284873,0.6830372862173039,155,926
p0027,18.5,80.0,2.5,6,0.7174887892376681,0.47540983606557374,0.43478260869565216,1.3677130044843049,0.454210565092463,0.40071974398979604,0.5500037993920973,223,926
p0028,18.5,81.5,2.5,6,0.7759336099585062,0.45481049562682213,0.47103274559193953,1.4232365145228216,0.48207256204422333,0.38235294117647056,0.5331128439216997,241,926
p0029,18.5,83.0,2.5,6,0.6424242424242425,0.6214285714285714,0.31268436578171094,1.696969696969697,0.3250602183501736,0.5503507194244605,0.6956670129099273,165,926
p0030,20.0,72.5,2.5,6,0.9392712550607287,0.296969696969697,0.672463768115942,1.3360323886639676,0.7181710936700406,0.21608740246158797,0.3673524544953117,247,926
p0031,20.0,74.0,2.5,6,0.6642335766423357,0.5404040404040404,0.3729508196721312,1.4452554744525548,0.44647950054305785,0.47398725128082925,0.6091453158321569,137,926
p0032,20.0,75.5,2.5,6,0.7133333333333334,0.5069124423963134,0.4115384615384615,1.4466666666666668,0.48432347438687934,0.43642966101694913,0.592078988618551,150,926
p0033,20.0,77.0,2.5,6,0.7433155080213903,0.4505928853754941,0.46179401993355484,1.3529411764705883,0.5204495904967106,0.3578103605659516,0.5487784090909091,187,926
p0034,20.0,78.5,2.5,6,0.6861702127659575,0.4777327935222672,0.4215686274509804,1.3138297872340425,0.47117810658905973,0.39083421763457454,0.5752773276829116,188,926
p0035,20.0,80.0,2.5,6,0.7844827586206896,0.3767123287671233,0.5321637426900585,1.2586206896551724,0.5763661733421781,0.30869901910170366,0.45926426426426425,232,926
p0036,20.0,81.5,2.5,6,0.8404907975460123,0.5566343042071198,0.408955223880597,1.8957055214723926,0.45486980359043583,0.4861462430911716,0.6438687582854618,163,926
p0037,20.0,83.0,2.5,6,0.6954545454545454,0.47058823529411764,0.4297752808988764,1.3136363636363637,0.45382858670323734,0.402874014781349,0.5521563411830587,220,926
p0038,20.0,84.5,2.5,6,0.6666666666666666,0.4934210526315789,0.4041994750656168,1.316017316017316,0.40781830167736266,0.42760823785558766,0.5671388994180472,231,926
p0039,20.0,86.0,2.5,6,0.8212290502793296,0.5476923076923077,0.4117647058823529,1.8156424581005586,0.4449613819165758,0.4884303820170981,0.6164415076897218,179,926
p0040,21.5,69.5,2.5,6,0.7326732673267327,0.6,0.3490566037735849,1.8316831683168318,0.4382105457518926,0.4847593582887701,0.7159801488833747,101,926
p0041,21.5,71.0,2.5,6,0.47692307692307695,0.38,0.36904761904761907,0.7692307692307693,0.47504545940742327,0.26894427786106945,0.5,130,926
p0042,21.5,72.5,2.5,6,0.7058823529411765,0.33668341708542715,0.5196850393700787,1.0641711229946524,0.6008197590191159,0.25629889886989277,0.4167119565217391,187,926
p0043,21.5,74.0,2.5,6,0.8486842105263158,0.4669421487603306,0.4867924528301887,1.5921052631578947,0.5676403136544034,0.3917139856349099,0.550035046728972,152,926
p0044,21.5,75.5,2.5,6,0.7628205128205128,0.4978902953586498,0.4343065693430657,1.5192307692307692,0.5050245884113748,0.4264628319682303,0.5730461004626569,156,926
p0045,21.5,77.0,2.5,6,0.7476190476190476,0.35918367346938773,0.5268456375838926,1.1666666666666667,0.5899695380460384,0.270924317617866,0.45108353033884946,210,926
p0046,21.5,78.5,2.5,6,0.6548672566371682,0.4032258064516129,0.4539877300613497,1.0973451327433628,0.4956735653004027,0.3117544922114559,0.5030553519061584,226,926
p0047,21.5,80.0,2.5,6,0.803921568627451,0.41843971631205673,0.5093167701863354,1.3823529411764706,0.5632336258881128,0.35184343434343435,0.5045938362875211,204,926
p0048,21.5,81.5,2.5,6,0.7845303867403315,0.49823321554770317,0.4409937888198758,1.5635359116022098,0.49061481947814606,0.4232001256516055,0.5909213098729228,181,926
p0049,21.5,83.0,2.5,6,0.815,0.44368600682593856,0.49393939393939396,1.465,0.5442564202311696,0.3810823299731283,0.5159143316909703,200,926
p0050,21.5,84.5,2.5,6,0.75,0.41776315789473684,0.48760330578512395,1.2881355932203389,0.5169400255783168,0.3501931901165135,0.49458483754512633,236,926
p0051,21.5,86.0,2.5,6,0.693069306930693,0.3498452012383901,0.5048076923076923,1.066006600660066,0.5031593642723565,0.29392683047330453,0.41907142857142854,303,926
p0052,23.0,69.5,2.5,6,0.5764705882352941,0.5811965811965812,0.3202614379084967,1.3764705882352941,0.42388820425694834,0.4413448275862069,0.7130268199233716,85,926
p0053,23.0,71.0,2.5,6,0.5051546391752577,0.5,0.3356164383561644,1.0103092783505154,0.4440262939625398,0.39795644064077246,0.598323031135531,97,926
p0054,23.0,72.5,2.5,6,0.6854838709677419,0.4217687074829932,0.45698924731182794,1.185483870967742,0.5639610238239545,0.3199787234042553,0.5241984657749803,124,926
p0055,23.0,74.0,2.5,6,0.8194444444444444,0.45622119815668205,0.48559670781893005,1.5069444444444444,0.5741197247875198,0.3661417322834646,0.5609976112647724,144,926
p0056,23.0,75.5,2.5,6,0.6704545454545454,0.40404040404040403,0.4609375,1.125,0.5380511011177466,0.33183805544231554,0.48625537139349284,176,926
p0057,23.0,77.0,2.5,6,0.6862745098039216,0.3805309734513274,0.4827586206896552,1.107843137254902,0.5460368922646517,0.3083296110500275,0.4633331964183028,204,926
p0058,23.0,78.5,2.5,6,0.7684729064039408,0.376,0.5252525252525253,1.2315270935960592,0.5893866871292982,0.3003707224334601,0.4456917740878304,203,926
p0059,23.0,80.0,2.5,6,0.8548387096774194,0.40671641791044777,0.5389830508474577,1.4408602150537635,0.6073188071392045,0.3277889923118139,0.5037695802005012,186,926
p0060,23.0,81.5,2.5,6,0.7735042735042735,0.3535714285714286,0.5435435435435435,1.1965811965811965,0.591933295450592,0.29209497418767083,0.42672676619007566,234,926
p0061,23.0,83.0,2.5,6,0.8116591928251121,0.3715277777777778,0.5484848484848485,1.2914798206278026,0.5997714206150758,0.3092324745716197,0.44805244678516565,223,926
p0062,23.0,84.5,2.5,6,0.7348484848484849,0.3821656050955414,0.5052083333333334,1.1893939393939394,0.5237605430981279,0.30113075089803815,0.4715763940063867,264,926
p0063,23.0,86.0,2.5,6,0.7016806722689075,0.4414715719063545,0.45135135135135135,1.2563025210084033,0.47039201212606147,0.3771086956521739,0.527015071302523,238,926
p0064,23.0,87.5,2.5,6,0.7453183520599251,0.41642228739002934,0.48655256723716384,1.2771535580524345,0.48949106622492217,0.3599887640449438,0.48094023122026774,267,926
p0065,24.5,69.5,2.5,6,0.41379310344827586,0.4666666666666667,0.3037974683544304,0.7758620689655172,0.4351028194946649,0.2962962962962963,0.6786525974025973,58,926
p0066,24.5,71.0,2.5,6,0.48717948717948717,0.525,0.31666666666666665,1.0256410256410255,0.43261499835609885,0.4299642857142857,0.6470795360397681,78,926
p0067,24.5,72.5,2.5,6,0.65,0.3933333333333333,0.457286432160804,1.0714285714285714,0.5585415379182485,0.3076687116564417,0.4961269452701521,140,926
p0068,24.5,74.0,2.5,6,0.6896551724137931,0.4152046783625731,0.46296296296296297,1.1793103448275861,0.5580061392608199,0.32545990566037736,0.5217638339920948,145,926
p0069,24.5,75.5,2.5,6,0.647887323943662,0.4682080924855491,0.4125560538116592,1.2183098591549295,0.49988868641726925,0.3686779976643626,0.5683224985867721,142,926
p0070,24.5,77.0,2.5,6,0.7011494252873564,0.4351851851851852,0.4552238805970149,1.2413793103448276,0.5272404291329221,0.3661692376481109,0.5139828155117776,174,926
p0071,24.5,78.5,2.5,6,0.7692307692307693,0.5319148936170213,0.41044776119402987,1.6433566433566433,0.4826779059324371,0.4341774108089015,0.6163953595011006,143,926
p0072,24.5,80.0,2.5,6,0.8081395348837209,0.452755905511811,0.4843205574912892,1.4767441860465116,0.5537349397590361,0.36554040435362334,0.5471264287705604,172,926
p0073,24.5,81.5,2.5,6,0.8461538461538461,0.484375,0.4714285714285714,1.641025641025641,0.5456570746585333,0.40844704907646573,0.5778125,156,926
p0074,24.5,83.0,2.5,6,0.8,0.4103585657370518,0.5138888888888888,1.3567567567567567,0.5829714410710725,0.35848499480017826,0.46973140495867766,185,926
p0075,24.5,84.5,2.5,6,0.7687861271676301,0.4981132075471698,0.4360655737704918,1.5317919075144508,0.492599506846173,0.4409266946251284,0.5714463397299218,173,926
p0076,24.5,86.0,2.5,6,0.7346938775510204,0.4646840148698885,0.4485981308411215,1.3724489795918366,0.49590640397118796,0.4012060714913713,0.5430493452571062,196,926
p0077,24.5,87.5,2.5,6,0.7407407407407407,0.5770392749244713,0.3684210526315789,1.7513227513227514,0.376434475676343,0.514574605220754,0.639888112671847,189,926
p0078,24.5,92.0,2.5,6,0.8776595744680851,0.31958762886597936,0.6214689265536724,1.2898936170212767,0.5697165288071647,0.2705858244937319,0.37982336336087014,376,926
p0079,24.5,93.5,2.5,6,0.8215613382899628,0.5195652173913043,0.43503937007874016,1.7100371747211895,0.37844209423398056,0.455698126743111,0.5816176392304662,269,926
p0080,26.0,71.0,2.5,6,0.4307692307692308,0.5625,0.27722772277227725,0.9846153846153847,0.39174330088001874,0.4843191964285714,0.6572036474164134,65,926
p0081,26.0,72.5,2.5,6,0.5,0.6161616161616161,0.2773722627737226,1.3026315789473684,0.3763758316213385,0.5,0.7474342105263158,76,926
p0082,26.0,74.0,2.5,6,0.6276595744680851,0.5661764705882353,0.34502923976608185,1.446808510638298,0.4466096087763857,0.46465539947322215,0.6896637931034483,94,926
p0083,26.0,75.5,2.5,6,0.6544117647058824,0.47953216374269003,0.40825688073394495,1.2573529411764706,0.49760693106783865,0.3850812231247014,0.577143815915628,136,926
p0084,26.0,77.0,2.5,6,0.7567567567567568,0.43434343434343436,0.47863247863247865,1.337837837837838,0.5684599752471465,0.3728794974724948,0.5095757032908704,148,926
p0085,26.0,78.5,2.5,6,0.7692307692307693,0.4009216589861751,0.5078125,1.2840236686390532,0.5892991657573304,0.33988095238095234,0.4635292686164329,169,926
p0086,26.0,80.0,2.5,6,0.781021897810219,0.5668016194331984,0.3862815884476534,1.802919708029197,0.4532243162698936,0.5048498321386444,0.6315844527637084,137,926
p0087,26.0,81.5,2.5,6,0.8936170212765957,0.5172413793103449,0.45652173913043476,1.851063829787234,0.5349070818684079,0.4342848184221826,0.6071428571428571,141,926
p0088,26.0,83.0,2.5,6,0.8347107438016529,0.6174242424242424,0.35563380281690143,2.1818181818181817,0.4208979502566451,0.5613979569176104,0.6785714285714286,121,926
p0089,26.0,84.5,2.5,6,0.8359375,0.608058608058608,0.36394557823129253,2.1328125,0.425546878628441,0.5308030888833458,0.6934794077147303,128,926
p0090,26.0,86.0,2.5,6,0.7988826815642458,0.5102739726027398,0.43597560975609756,1.6312849162011174,0.48339917372817465,0.4482758620689655,0.5882446016381236,179,926
p0091,26.0,87.5,2.5,6,0.7609756097560976,0.5451895043731778,0.3979591836734694,1.673170731707317,0.4042386142446663,0.46546266122157137,0.6233828671328671,205,926
p0092,26.0,90.5,2.5,6,0.8984126984126984,0.39787234042553193,0.5637450199203188,1.492063492063492,0.5292727652561454,0.34536910136515103,0.46153846153846156,315,926
p0093,26.0,92.0,2.5,6,0.9024390243902439,0.5163398692810458,0.45962732919254656,1.8658536585365855,0.4339932834038248,0.46373626373626375,0.5717553494402171,246,926
p0094,26.0,93.5,2.5,6,0.7937219730941704,0.6066666666666667,0.35685483870967744,2.0179372197309418,0.30083929391381736,0.559645623470914,0.6527777777777778,223,926
p0095,26.0,95.0,2.5,6,0.6024390243902439,0.25825825825825827,0.49798387096774194,0.8121951219512196,0.44434376491114763,0.20404715940430226,0.32035292951323485,410,926
p0096,27.5,69.5,2.5,6,0.19047619047619047,0.7333333333333333,0.125,0.7142857142857143,0.19166978426237685,0.5806451612903226,0.9063210227272727,42,926
p0097,27.5,71.0,2.5,6,0.43859649122807015,0.5454545454545454,0.28735632183908044,0.9649122807017544,0.4108084809425094,0.41459437963944856,0.6666666666666666,57,926
p0098,27.5,72.5,2.5,6,0.5918367346938775,0.6666666666666666,0.27102803738317754,1.7755102040816326,0.38482241717059873,0.5861858704793944,0.7564189189189189,49,926
p0099,27.5,74.0,2.5,6,0.5607476635514018,0.53125,0.34285714285714286,1.1962616822429906,0.4401686486031816,0.4430775948103792,0.6271269524759056,107,926
p0100,27.5,75.5,2.5,6,0.592,0.5316455696202531,0.35406698564593303,1.264,0.43830372307443455,0.42650511739915714,0.6402916205241787,125,926
p0101,27.5,77.0,2.5,6,0.5972222222222222,0.5497382198952879,0.3453815261044177,1.3263888888888888,0.4085547918903457,0.463403342366757,0.6369789297088262,144,926
p0102,27.5,78.5,2.5,6,0.6875,0.5638766519823789,0.3639705882352941,1.5763888888888888,0.4241003702771686,0.509514652014652,0.6262191719674144,144,926
p0103,27.5,80.0,2.5,6,0.813953488372093,0.6022727272727273,0.3645833333333333,2.046511627906977,0.42713129551124723,0.5338057152685636,0.6666666666666666,129,926
p0104,27.5,81.5,2.5,6,0.7655172413793103,0.5827067669172933,0.37,1.8344827586206895,0.42324499251926206,0.5032878820033956,0.6585536176590816,145,926
p0105,27.5,83.0,2.5,6,0.8,0.5871886120996441,0.3741935483870968,1.9379310344827587,0.42603183528975735,0.5018723110981163,0.6679309528210341,145,926
p0106,27.5,84.5,2.5,6,0.8253012048192772,0.6151685393258427,0.35584415584415585,2.144578313253012,0.3711375212224109,0.5555197594501718,0.6840826842214104,166,926
p0107,27.5,92.0,2.5,6,0.8353293413173652,0.38949671772428884,0.544921875,1.3682634730538923,0.4949366792293827,0.3346173951780064,0.44559994277013004,334,926
p0108,27.5,93.5,2.5,6,0.9320987654320988,0.5571847507331378,0.4289772727272727,2.1049382716049383,0.23971243004779216,0.5065442468933162,0.6076662921264705,324,926
p0109,27.5,95.0,2.5,6,0.8805555555555555,0.3722772277227723,0.5784671532846716,1.4027777777777777,0.5109490386154233,0.32070491020822145,0.42686701203236344,360,926
p0110,27.5,96.5,2.5,6,0.826797385620915,0.469601677148847,0.47735849056603774,1.5588235294117647,0.4077998956443041,0.4199891304347826,0.5197325705411271,306,926
p0111,29.0,72.5,2.5,6,0.4,0.7222222222222222,0.19607843137254902,1.44,0.2821162500472715,0.5872857142857143,0.8333333333333334,50,926
p0112,29.0,74.0,2.5,6,0.5333333333333333,0.6153846153846154,0.28776978417266186,1.3866666666666667,0.38946681407088724,0.5158333333333334,0.7272974308300395,75,926
p0113,29.0,75.5,2.5,6,0.62,0.5947712418300654,0.32460732984293195,1.53,0.41351545085870833,0.4831177754425673,0.7143064784053156,100,926
p0114,29.0,77.0,2.5,6,0.6829268292682927,0.5757575757575758,0.35443037974683544,1.6097560975609757,0.42995437317432345,0.49707336523125994,0.6638516896120149,123,926
p0115,29.0,78.5,2.5,6,0.8231292517006803,0.5217391304347826,0.4336917562724014,1.7210884353741496,0.5057462721861509,0.4587366005026414,0.591250429930829,147,926
p0116,29.0,80.0,2.5,6,0.8028169014084507,0.38267148014440433,0.5360501567398119,1.300469483568075,0.5918007493938726,0.30602457024455126,0.46566200657894735,213,926
p0117,29.0,95.0,2.5,6,0.892271662763466,0.33507853403141363,0.6155088852988692,1.3419203747072599,0.49528463923711463,0.28410699498064934,0.3968355919442876,427,926
p0118,29.0,96.5,2.5,6,0.7461139896373057,0.6426799007444168,0.3185840707964602,2.088082901554404,0.280391988656147,0.5721465390279823,0.7123244501304652,193,926
p0119,30.5,74.0,2.5,6,0.6764705882352942,0.6617647058823529,0.2911392405063291,2.0,0.39139007558330596,0.5751817932359196,0.7403876582278481,68,926
p0120,30.5,75.5,2.5,6,0.6548672566371682,0.6185567010309279,0.31759656652360513,1.7168141592920354,0.3876425523419759,0.5465832222697211,0.6896652550917524,113,926
p0121,30.5,77.0,2.5,6,0.6993865030674846,0.4519230769230769,0.44357976653696496,1.2760736196319018,0.5197687660025097,0.3833088235294118,0.5316585239469982,163,926
p0122,30.5,78.5,2.5,6,0.7668393782383419,0.5271565495207667,0.4134078212290503,1.621761658031088,0.4407858790238628,0.464879668520831,0.5961805555555555,193,926
p0123,30.5,80.0,2.5,6,0.43351063829787234,0.27232142857142855,0.37299771167048057,0.5957446808510638,0.34463983138405585,0.17373225306296175,0.4125066489361702,376,926
p0124,32.0,75.5,2.5,6,0.7342657342657343,0.5569620253164557,0.38181818181818183,1.6573426573426573,0.445895430450056,0.4858129233976029,0.6363749434644956,143,926
p0125,32.0,77.0,2.5,6,0.788,0.5,0.4407158836689038,1.576,0.42029929083697265,0.4329456950377917,0.5696370412651512,250,926
p0126,32.0,78.5,2.5,6,0.7714285714285715,0.7617647058823529,0.22252747252747251,3.238095238095238,0.2307570376023718,0.7014037272414977,0.8153110851047503,105,926
p0127,33.5,74.0,2.5,6,0.68,0.43568464730290457,0.4459016393442623,1.205,0.49836200098728706,0.3698386605783866,0.4979623113613261,200,926
p0128,33.5,75.5,2.5,6,0.7329192546583851,0.6105610561056105,0.34104046242774566,1.8819875776397517,0.36425994736493444,0.5368401702786377,0.6745092281879195,161,926
p0129,33.5,77.0,2.5,6,0.41379310344827586,0.5662650602409639,0.26865671641791045,0.9540229885057471,0.36530095539173857,0.4587165775401069,0.677981234866828,87,926
p0130,33.5,78.5,2.5,6,0.6226415094339622,0.753731343283582,0.21428571428571427,2.5283018867924527,0.2951219819071704,0.671875,0.8333333333333334,53,926
p0131,35.0,74.0,2.5,6,0.6624203821656051,0.6045627376425855,0.3291139240506329,1.6751592356687899,0.3591653663600337,0.5276499032882012,0.6764836022904738,157,926
p0132,35.0,75.5,2.5,6,0.6320754716981132,0.7074235807860262,0.25,2.160377358490566,0.2886777598581376,0.6313206302464769,0.7753185192616372,106,926
p0133,35.0,77.0,2.5,6,0.4838709677419355,0.9038461538461539,0.0872093023255814,5.032258064516129,0.11075906783289498,0.8475484218077475,0.9536439170959038,31,926
p0134,35.0,78.5,2.5,6,0.425,0.7951807228915663,0.16037735849056603,2.075,0.23162841000205112,0.7142857142857143,0.886093861953666,40,926
p0135,35.0,80.0,2.5,6,0.265625,0.7875,0.13385826771653545,1.25,0.17256953470236547,0.6703598484848484,0.9130622188905546,64,926
p0136,36.5,72.5,2.5,6,0.06382978723404255,0.9770992366412213,0.017142857142857144,2.7872340425531914,-0.04431068623208361,0.9333173076923077,1.0,47,926
p0137,36.5,74.0,2.5,6,0.36774193548387096,0.5869565217391305,0.24152542372881355,0.8903225806451613,0.27472017782600705,0.477263986013986,0.6918621878946857,155,926
p0138,36.5,75.5,2.5,6,0.3974358974358974,0.6436781609195402,0.23134328358208955,1.1153846153846154,0.24089903379335595,0.5530082264361404,0.7326592432139715,156,926
p0000,9.5,77.0,2.5,7,0.9371584699453552,0.44855305466237944,0.5317829457364341,1.6994535519125684,0.3915105834841944,0.3933636082349745,0.5069845391555491,366,926
p0001,9.5,78.5,2.5,7,0.5961538461538461,0.6059322033898306,0.3110367892976589,1.5128205128205128,0.34076582803428257,0.5275503508490009,0.6937823454740748,156,926
p0002,11.0,77.0,2.5,7,0.5454545454545454,0.8202247191011236,0.1563517915309446,3.034090909090909,0.1487339301052751,0.7380687830687831,0.8959368191721133,88,926
p0003,11.0,78.5,2.5,7,0.5891472868217055,0.6310679611650486,0.29343629343629346,1.5968992248062015,0.3407893815499763,0.5605830679239785,0.704821746000395,129,926
p0004,12.5,75.5,2.5,7,0.9245283018867925,0.2767527675276753,0.6829268292682927,1.278301886792453,0.612481030121867,0.2145928991517227,0.34902002771129864,424,926
p0005,12.5,77.0,2.5,7,0.6573426573426573,0.6678445229681979,0.28313253012048195,1.979020979020979,0.29709317530889395,0.6046406239021991,0.7288785000841704,143,926
p0006,12.5,78.5,2.5,7,0.6601307189542484,0.6418439716312057,0.3023952095808383,1.8431372549019607,0.31833892543236086,0.577868497929548,0.7124022266628603,153,926
p0007,12.5,80.0,2.5,7,0.664179104477612,0.6983050847457627,0.26176470588235295,2.201492537313433,0.26954625165779367,0.6408637197569086,0.7603337208936932,134,926
p0008,14.0,75.5,2.5,7,0.7040358744394619,0.5139318885448917,0.40359897172236503,1.4484304932735426,0.40578307121243135,0.44218456328238587,0.5852438301728946,223,926
p0009,14.0,77.0,2.5,7,0.6666666666666666,0.6758893280632411,0.2789115646258503,2.0569105691056913,0.3134455721170324,0.6024051596721459,0.7511545940690325,123,926
p0010,14.0,78.5,2.5,7,0.6592592592592592,0.6454183266932271,0.2996632996632997,1.8592592592592592,0.3350686652903689,0.5663933805717054,0.717787968846075,135,926
p0011,14.0,80.0,2.5,7,0.6484848484848484,0.599250936329588,0.3292307692307692,1.6181818181818182,0.3528253858336379,0.5305311275015474,0.6797264685118216,165,926
p0012,15.5,74.0,2.5,7,0.9541547277936963,0.23448275862068965,0.738359201773836,1.2464183381088825,0.7412881137623889,0.16737417566410354,0.31474752872027784,349,926
p0013,15.5,75.5,2.5,7,0.6684491978609626,0.5748299319727891,0.351123595505618,1.572192513368984,0.362331196899687,0.4964351033347558,0.650686464935596,187,926
p0014,15.5,77.0,2.5,7,0.6050420168067226,0.6936170212765957,0.2553191489361702,1.9747899159663866,0.2847421967529076,0.6243546357759555,0.7687869040959662,119,926
p0015,15.5,78.5,2.5,7,0.7514450867052023,0.5737704918032787,0.3735632183908046,1.7630057803468209,0.40115930678912365,0.5141100223683771,0.6436901030004478,173,926
p0016,15.5,80.0,2.5,7,0.6689655172413793,0.6104417670682731,0.3265993265993266,1.717241379310345,0.36712753815346133,0.5227831239309403,0.6896580175258905,145,926
p0017,17.0,74.0,2.5,7,0.9,0.4297520661157025,0.5362694300518135,1.5782608695652174,0.5662457018145277,0.34636775408743786,0.5274870344177275,230,926
p0018,17.0,75.5,2.5,7,0.6,0.6493506493506493,0.28421052631578947,1.711111111111111,0.31691653468139114,0.5640794223826715,0.7394009756366443,135,926
p0019,17.0,77.0,2.5,7,0.7094594594594594,0.631578947368421,0.3201219512195122,1.9256756756756757,0.34775961945432377,0.5606792331293543,0.7081752594033722,148,926
p0020,17.0,78.5,2.5,7,0.6142857142857143,0.6055045871559633,0.3161764705882353,1.5571428571428572,0.36319268822929146,0.5410589591567853,0.6725703942075624,140,926
p0021,17.0,80.0,2.5,7,0.66875,0.6151079136690647,0.32326283987915405,1.7375,0.34489685056280556,0.5562824110450106,0.6793917596398512,160,926
p0022,17.0,81.5,2.5,7,0.7142857142857143,0.658753709198813,0.3002610966057441,2.093167701863354,0.2962448317519014,0.5962891272690571,0.7225328215398309,161,926
p0023,18.5,74.0,2.5,7,0.5542168674698795,0.4945054945054945,0.359375,1.0963855421686748,0.4199767782938157,0.40525978407557356,0.5894804318488528,166,926
p0024,18.5,75.5,2.5,7,0.7446808510638298,0.5961538461538461,0.3547297297297297,1.8439716312056738,0.40650188251243263,0.5245886173832354,0.6833010127127774,141,926
p0025,18.5,77.0,2.5,7,0.7032258064516129,0.5495867768595041,0.3784722222222222,1.5612903225806452,0.4335172008393654,0.4712297465724969,0.6245469330855019,155,926
p0026,18.5,78.5,2.5,7,0.6258064516129033,0.624031007751938,0.3069620253164557,1.664516129032258,0.32951351923242234,0.5427568319838056,0.7170773759461733,155,926
p0027,18.5,80.0,2.5,7,0.7309417040358744,0.4707792207792208,0.4429347826086957,1.3811659192825112,0.4642685797176707,0.3914552065604209,0.5519372796956302,223,926
p0028,18.5,81.5,2.5,7,0.7842323651452282,0.4408284023668639,0.4846153846153846,1.4024896265560165,0.5013208730086433,0.37077869237269573,0.5214754499317205,241,926
p0029,18.5,83.0,2.5,7,0.6363636363636364,0.6634615384615384,0.28225806451612906,1.8909090909090909,0.27011708025576986,0.5904933925576423,0.7349129165145747,165,926
p0030,20.0,72.5,2.5,7,0.9230769230769231,0.3194029850746269,0.6440677966101694,1.3562753036437247,0.6875659406279958,0.23960602517240429,0.40063352430877713,247,926
p0031,20.0,74.0,2.5,7,0.6715328467153284,0.5660377358490566,0.35797665369649806,1.5474452554744527,0.42362101355786425,0.4945540281329923,0.6351629072681704,137,926
p0032,20.0,75.5,2.5,7,0.6533333333333333,0.5288461538461539,0.3769230769230769,1.3866666666666667,0.44255837804896175,0.4630333880678708,0.6044567901234568,150,926
p0033,20.0,77.0,2.5,7,0.7112299465240641,0.4291845493562232,0.4634146341463415,1.2459893048128343,0.5274539562194726,0.3438681248672754,0.5303892669451556,187,926
p0034,20.0,78.5,2.5,7,0.648936170212766,0.5196850393700787,0.38125,1.351063829787234,0.41569467283643735,0.43064525907364,0.6180659048421496,188,926
p0035,20.0,80.0,2.5,7,0.8060344827586207,0.39285714285714285,0.5297450424929179,1.3275862068965518,0.5695772944154477,0.31899736985883637,0.480892900192864,232,926
p0036,20.0,81.5,2.5,7,0.852760736196319,0.5642633228840125,0.40524781341107874,1.9570552147239264,0.4481944744667551,0.4932043393382262,0.6528317480118508,163,926
p0037,20.0,83.0,2.5,7,0.7045454545454546,0.46551724137931033,0.43661971830985913,1.3181818181818181,0.46265885220217023,0.4029242569511026,0.5409871549215812,220,926
p0038,20.0,84.5,2.5,7,0.7186147186147186,0.49544072948328266,0.4213197969543147,1.4242424242424243,0.42403195093872253,0.4278156394243823,0.5685034367587977,231,926
p0039,20.0,86.0,2.5,7,0.8044692737430168,0.5764705882352941,0.384,1.899441340782123,0.40395236211037855,0.5196027216856892,0.6565754633715799,179,926
p0040,21.5,69.5,2.5,7,0.7722772277227723,0.6285714285714286,0.33476394849785407,2.0792079207920793,0.4155135482925161,0.5223189484126984,0.732068082772072,101,926
p0041,21.5,71.0,2.5,7,0.49230769230769234,0.3786407766990291,0.378698224852071,0.7923076923076923,0.48549566616219875,0.26436781609195403,0.5,130,926
p0042,21.5,72.5,2.5,7,0.7058823529411765,0.3744075829383886,0.49624060150375937,1.1283422459893049,0.5715834466947941,0.28568524970963993,0.47110944726666154,187,926
p0043,21.5,74.0,2.5,7,0.8486842105263158,0.47346938775510206,0.48134328358208955,1.611842105263158,0.5609158701243766,0.3937899180889835,0.5622552710843374,152,926
p0044,21.5,75.5,2.5,7,0.7371794871794872,0.5381526104417671,0.39655172413793105,1.5961538461538463,0.4550046747516328,0.4645824703445679,0.6104645656863261,156,926
p0045,21.5,77.0,2.5,7,0.7142857142857143,0.38271604938271603,0.49504950495049505,1.1571428571428573,0.5536548021851313,0.2823480595557725,0.4772974308300395,210,926
p0046,21.5,78.5,2.5,7,0.6460176991150443,0.4089068825910931,0.44648318042813456,1.092920353982301,0.4864288472027308,0.326727621741766,0.48928089465067914,226,926
p0047,21.5,80.0,2.5,7,0.7745098039215687,0.4316546762589928,0.4876543209876543,1.3627450980392157,0.5382628233626107,0.35208848510912805,0.5102369980250164,204,926
p0048,21.5,81.5,2.5,7,0.8011049723756906,0.5017182130584192,0.4434250764525994,1.6077348066298343,0.491960329183372,0.4277906914250396,0.59375,181,926
p0049,21.5,83.0,2.5,7,0.815,0.4584717607973422,0.4822485207100592,1.505,0.5282744246432585,0.4036672673656619,0.5336855529968656,200,926
p0050,21.5,84.5,2.5,7,0.7669491525423728,0.4253968253968254,0.4891891891891892,1.3347457627118644,0.5159288168033943,0.35413602941176475,0.50923099078341,236,926
p0051,21.5,86.0,2.5,7,0.7128712871287128,0.3493975903614458,0.5155131264916468,1.0957095709570956,0.5140401946134875,0.2837413071961298,0.4181923890063425,303,926
p0052,23.0,69.5,2.5,7,0.6,0.5952380952380952,0.31875,1.4823529411764707,0.41980616902153295,0.460407349795839,0.7196462667068636,85,926
p0053,23.0,71.0,2.5,7,0.5463917525773195,0.4803921568627451,0.363013698630137,1.0515463917525774,0.47644176404070865,0.3972168268247802,0.5619196428571428,97,926
p0054,23.0,72.5,2.5,7,0.5887096774193549,0.48226950354609927,0.3802083333333333,1.1370967741935485,0.4763190160724639,0.3703535353535353,0.5975660852977245,124,926
p0055,23.0,74.0,2.5,7,0.7986111111111112,0.4933920704845815,0.44921875,1.5763888888888888,0.5306251572779236,0.4060367724504282,0.6073454604950024,144,926
p0056,23.0,75.5,2.5,7,0.6022727272727273,0.45918367346938777,0.39849624060150374,1.1136363636363635,0.46217511253085525,0.3777434456928839,0.5530732436841845,176,926
p0057,23.0,77.0,2.5,7,0.6617647058823529,0.4104803493449782,0.45302013422818793,1.1225490196078431,0.5091862151492882,0.32725922592259227,0.5073136387148687,204,926
p0058,23.0,78.5,2.5,7,0.7881773399014779,0.37254901960784315,0.5369127516778524,1.2561576354679802,0.6013825028542196,0.3007438123205008,0.447534046692607,203,926
p0059,23.0,80.0,2.5,7,0.8494623655913979,0.4316546762589928,0.5163398692810458,1.4946236559139785,0.5799269267551066,0.3499948559670782,0.5292352941176471,186,926
p0060,23.0,81.5,2.5,7,0.7863247863247863,0.3783783783783784,0.5317919075144508,1.264957264957265,0.5741344264901264,0.30965153325368383,0.46351190476190474,234,926
p0061,23.0,83.0,2.5,7,0.7847533632286996,0.38380281690140844,0.5271084337349398,1.2735426008968609,0.5759207509524004,0.3230592105263158,0.45002622377622375,223,926
p0062,23.0,84.5,2.5,7,0.7651515151515151,0.3765432098765432,0.5233160621761658,1.2272727272727273,0.5437153201791032,0.30563126082886904,0.4626023290672201,264,926
p0063,23.0,86.0,2.5,7,0.6974789915966386,0.4391891891891892,0.45108695652173914,1.2436974789915967,0.470988834462708,0.3754276315789474,0.526532788486585,238,926
p0064,23.0,87.5,2.5,7,0.7602996254681648,0.40816326530612246,0.4987714987714988,1.2846441947565543,0.5050956515360311,0.35199204892966357,0.4740158047356595,267,926
p0065,24.5,69.5,2.5,7,0.3620689655172414,0.5434782608695652,0.25301204819277107,0.7931034482758621,0.36887696772491424,0.3333333333333333,0.7368734335839598,58,926
p0066,24.5,71.0,2.5,7,0.3974358974358974,0.5571428571428572,0.26495726495726496,0.8974358974358975,0.36860966637067105,0.4479029605263158,0.6785714285714286,78,926
p0067,24.5,72.5,2.5,7,0.6214285714285714,0.3873239436619718,0.4461538461538462,1.0142857142857142,0.5482355492112824,0.29201928148625683,0.49557900310112696,140,926
p0068,24.5,74.0,2.5,7,0.6344827586206897,0.480225988700565,0.4,1.2206896551724138,0.48230852124030754,0.37966518775342306,0.5972916666666666,145,926
p0069,24.5,75.5,2.5,7,0.6549295774647887,0.4861878453038674,0.4043478260869565,1.2746478873239437,0.4878277229161788,0.39748754966146266,0.5789623205741626,142,926
p0070,24.5,77.0,2.5,7,0.6839080459770115,0.42788461538461536,0.4524714828897338,1.1954022988505748,0.5260531441488833,0.3688845437616387,0.4973050562524247,174,926
p0071,24.5,78.5,2.5,7,0.7482517482517482,0.5427350427350427,0.3962962962962963,1.6363636363636365,0.46509649937273634,0.4523784825133373,0.6233895529249511,143,926
p0072,24.5,80.0,2.5,7,0.8081395348837209,0.4591439688715953,0.4793103448275862,1.494186046511628,0.5472630372418616,0.3775906130636696,0.5428571428571428,172,926
p0073,24.5,81.5,2.5,7,0.8333333333333334,0.5220588235294118,0.436241610738255,1.7435897435897436,0.5005265456039864,0.4439819368959496,0.6153846153846154,156,926
p0074,24.5,83.0,2.5,7,0.8324324324324325,0.4420289855072464,0.501628664495114,1.491891891891892,0.5637535948960174,0.3865136008618368,0.5039816602316602,185,926
p0075,24.5,84.5,2.5,7,0.7861271676300579,0.5160142348754448,0.4276729559748428,1.6242774566473988,0.47851648317645384,0.4555548068283917,0.5988909096116393,173,926
p0076,24.5,86.0,2.5,7,0.75,0.4842105263157895,0.44011976047904194,1.4540816326530612,0.48106303530864347,0.41294179792547064,0.5762916103413315,196,926
p0077,24.5,87.5,2.5,7,0.7619047619047619,0.5873925501432665,0.36548223350253806,1.8465608465608465,0.3679457006656365,0.528898368833637,0.6468754413841807,189,926
p0078,24.5,92.0,2.5,7,0.9148936170212766,0.3201581027667984,0.6394052044609665,1.3457446808510638,0.5881802760075191,0.27096667614040076,0.37797173787072647,376,926
p0079,24.5,93.5,2.5,7,0.8661710037174721,0.5105042016806722,0.455078125,1.7695167286245352,0.40441512095937593,0.44833789286168724,0.5669708508403362,269,926
p0080,26.0,71.0,2.5,7,0.4,0.543859649122807,0.2708333333333333,0.8769230769230769,0.38595327864193557,0.45829475308641976,0.6585365853658537,65,926
p0081,26.0,72.5,2.5,7,0.4342105263157895,0.6413043478260869,0.24444444444444444,1.2105263157894737,0.33289072211549325,0.49504700470047003,0.7971258361204013,76,926
p0082,26.0,74.0,2.5,7,0.6063829787234043,0.544,0.35185185185185186,1.3297872340425532,0.457706337077649,0.43845890410958904,0.6557505122950819,94,926
p0083,26.0,75.5,2.5,7,0.6176470588235294,0.5029585798816568,0.38009049773755654,1.2426470588235294,0.46349942062572425,0.42800881671577334,0.5895785335069619,136,926
p0084,26.0,77.0,2.5,7,0.75,0.4307692307692308,0.47844827586206895,1.3175675675675675,0.5688847163117838,0.36678837855308444,0.5000621890547263,148,926
p0085,26.0,78.5,2.5,7,0.7633136094674556,0.416289592760181,0.4942528735632184,1.3076923076923077,0.573274868908889,0.34208921694480104,0.49385893246187357,169,926
p0086,26.0,80.0,2.5,7,0.7372262773722628,0.5738396624472574,0.36996336996337,1.72992700729927,0.4339732609298259,0.5099981867268405,0.6417398777692895,137,926
p0087,26.0,81.5,2.5,7,0.8439716312056738,0.5492424242424242,0.4160839160839161,1.872340425531915,0.48552474865427736,0.4689899298987426,0.64628414383832,141,926
p0088,26.0,83.0,2.5,7,0.8512396694214877,0.6423611111111112,0.3366013071895425,2.3801652892561984,0.39173176114264263,0.5803069256021832,0.7147678739808088,121,926
p0089,26.0,84.5,2.5,7,0.828125,0.6254416961130742,0.3475409836065574,2.2109375,0.40197573814329945,0.5442831590533848,0.7090994854202401,128,926
p0090,26.0,86.0,2.5,7,0.8044692737430168,0.5167785234899329,0.43243243243243246,1.664804469273743,0.4775982186031795,0.45453598484848484,0.5967206790123456,179,926
p0091,26.0,87.5,2.5,7,0.8048780487804879,0.5391061452513967,0.41457286432160806,1.7463414634146341,0.4239663817085738,0.4606990193613276,0.6117036921151439,205,926
p0092,26.0,90.5,2.5,7,0.9174603174603174,0.3890063424947146,0.5791583166332666,1.5015873015873016,0.5495462105453349,0.33684155472362914,0.44043463045912656,315,926
p0093,26.0,92.0,2.5,7,0.8821138211382114,0.5209713024282561,0.45020746887966806,1.8414634146341464,0.42179275114397335,0.46676498384244863,0.5770995273109243,246,926
p0094,26.0,93.5,2.5,7,0.8026905829596412,0.5995525727069351,0.3645621181262729,2.004484304932735,0.3138427485049566,0.5542531305903399,0.6428731582319026,223,926
p0095,26.0,95.0,2.5,7,0.6634146341463415,0.2547945205479452,0.5407554671968191,0.8902439024390244,0.48869128719971316,0.20240189102868167,0.31457294507206857,410,926
p0096,27.5,69.5,2.5,7,0.16666666666666666,0.7407407407407407,0.11290322580645161,0.6428571428571429,0.17356310648103074,0.6,0.9566471571906353,42,926
p0097,27.5,71.0,2.5,7,0.3333333333333333,0.6545454545454545,0.20430107526881722,0.9649122807017544,0.2967714127378338,0.5510204081632653,0.7608954451345756,57,926
p0098,27.5,72.5,2.5,7,0.40816326530612246,0.7530864197530864,0.18181818181818182,1.653061224489796,0.2588178794400669,0.6756587837837837,0.8478329664281783,49,926
p0099,27.5,74.0,2.5,7,0.514018691588785,0.5669291338582677,0.30726256983240224,1.1869158878504673,0.39408778613869744,0.480578335373317,0.6748127941805734,107,926
p0100,27.5,75.5,2.5,7,0.624,0.5301204819277109,0.36619718309859156,1.328,0.4516287516559487,0.4277629449838187,0.6349259974259974,125,926
p0101,27.5,77.0,2.5,7,0.6319444444444444,0.5472636815920398,0.35826771653543305,1.3958333333333333,0.4229801744768371,0.45649483426603527,0.6474070546505518,144,926
p0102,27.5,78.5,2.5,7,0.7013888888888888,0.5589519650655022,0.3713235294117647,1.5902777777777777,0.43335742862663984,0.5165301286391334,0.6129032258064516,144,926
p0103,27.5,80.0,2.5,7,0.7906976744186046,0.6091954022988506,0.3541666666666667,2.0232558139534884,0.413768456307309,0.543588753633721,0.6779690039470629,129,926
p0104,27.5,81.5,2.5,7,0.8,0.5827338129496403,0.3778501628664495,1.9172413793103449,0.4314416320022631,0.5,0.666692789968652,145,926
p0105,27.5,83.0,2.5,7,0.8068965517241379,0.596551724137931,0.36792452830188677,2.0,0.4160020080951335,0.501786496780935,0.6791811339738405,145,926
p0106,27.5,84.5,2.5,7,0.8554216867469879,0.6282722513089005,0.3497536945812808,2.3012048192771086,0.3577283618479129,0.5679570511765674,0.6881220765961488,166,926
p0107,27.5,92.0,2.5,7,0.8353293413173652,0.41875,0.5214953271028038,1.437125748502994,0.4526832962384906,0.3636103400416378,0.4817409053327821,334,926
p0108,27.5,93.5,2.5,7,0.9382716049382716,0.5574963609898108,0.42998585572843,2.1203703703703702,0.23997881916865238,0.508515703046953,0.605519588756134,324,926
p0109,27.5,95.0,2.5,7,0.875,0.3799212598425197,0.569620253164557,1.4111111111111112,0.4968402403609066,0.32141402978129363,0.43097850421804024,360,926
p0110,27.5,96.5,2.5,7,0.8431372549019608,0.4745417515274949,0.47866419294990725,1.6045751633986929,0.40528420908280577,0.4253100958343793,0.5239007723711356,306,926
p0111,29.0,72.5,2.5,7,0.46,0.7051282051282052,0.21904761904761905,1.56,0.31424752546781304,0.5873015873015873,0.8028222364489971,50,926
p0112,29.0,74.0,2.5,7,0.5466666666666666,0.6095238095238096,0.2949640287769784,1.4,0.398741138276022,0.5308278867102397,0.6769444444444445,75,926
p0113,29.0,75.5,2.5,7,0.55,0.6308724832214765,0.28350515463917525,1.49,0.3589110143743712,0.5363028179882096,0.7333333333333333,100,926
p0114,29.0,77.0,2.5,7,0.6097560975609756,0.6113989637305699,0.3112033195020747,1.5691056910569106,0.3729409557065816,0.5229236098108968,0.7010869565217391,123,926
p0115,29.0,78.5,2.5,7,0.8163265306122449,0.5539033457249071,0.40540540540540543,1.8299319727891157,0.46762486525332375,0.48054500621952156,0.6329993257416842,147,926
p0116,29.0,80.0,2.5,7,0.812206572769953,0.3951048951048951,0.5306748466257669,1.3427230046948357,0.5835914859598281,0.3269663034705408,0.47171600520494467,213,926
p0117,29.0,95.0,2.5,7,0.8852459016393442,0.34146341463414637,0.6067415730337079,1.3442622950819672,0.4805257252764866,0.29079071693297676,0.4011639754968607,427,926
p0118,29.0,96.5,2.5,7,0.7461139896373057,0.6697247706422018,0.29690721649484536,2.2590673575129534,0.23757116849125212,0.6024956395348837,0.73393749252468,193,926
p0119,30.5,74.0,2.5,7,0.6617647058823529,0.6853146853146853,0.2710843373493976,2.1029411764705883,0.36315065534449636,0.6024999999999999,0.7748476341299548,68,926
p0120,30.5,75.5,2.5,7,0.6460176991150443,0.6197916666666666,0.3146551724137931,1.6991150442477876,0.38405609150009623,0.5384615384615384,0.6953764458143864,113,926
p0121,30.5,77.0,2.5,7,0.7423312883435583,0.4872881355932203,0.4352517985611511,1.4478527607361964,0.5030320847206174,0.42041875946743207,0.5638488750890767,163,926
p0122,30.5,78.5,2.5,7,0.7875647668393783,0.5337423312883436,0.4141689373297003,1.689119170984456,0.43880053444883554,0.474570838765754,0.5979398568346063,193,926
p0123,30.5,80.0,2.5,7,0.4601063829787234,0.2575107296137339,0.3967889908256881,0.6196808510638298,0.37348411959312405,0.16268500643500644,0.37256365232660227,376,926
p0124,32.0,75.5,2.5,7,0.7832167832167832,0.5708812260536399,0.3835616438356164,1.8251748251748252,0.443394399214581,0.49129446640316204,0.6447405828002842,143,926
p0125,32.0,77.0,2.5,7,0.856,0.5011655011655012,0.46021505376344085,1.716,0.4389287731681529,0.43485567912032985,0.5675799490590067,250,926
p0126,32.0,78.5,2.5,7,0.7428571428571429,0.7643504531722054,0.21787709497206703,3.1523809523809523,0.22423749199643356,0.6965098014576527,0.8321440802348337,105,926
p0127,33.5,74.0,2.5,7,0.66,0.5018867924528302,0.3963963963963964,1.325,0.42658122554607353,0.4430655737704918,0.5690924800133244,200,926
p0128,33.5,75.5,2.5,7,0.7763975155279503,0.6165644171779141,0.3453038674033149,2.0248447204968945,0.3656984305904795,0.5496121676084007,0.6766967787114846,161,926
p0129,33.5,77.0,2.5,7,0.42528735632183906,0.6407766990291263,0.24183006535947713,1.1839080459770115,0.32022934096115635,0.5325962305544476,0.7471295945433876,87,926
p0130,33.5,78.5,2.5,7,0.6226415094339622,0.7843137254901961,0.1907514450867052,2.8867924528301887,0.2572391112537098,0.7024478431767789,0.852595029239766,53,926
p0131,35.0,74.0,2.5,7,0.6496815286624203,0.6344086021505376,0.30538922155688625,1.7770700636942676,0.3204314680669345,0.5591292618528297,0.7085445757250268,157,926
p0132,35.0,75.5,2.5,7,0.7169811320754716,0.6947791164658634,0.2724014336917563,2.349056603773585,0.3187771343253292,0.6108845156659685,0.7714312466559657,106,926
p0133,35.0,77.0,2.5,7,0.5161290322580645,0.9047619047619048,0.08743169398907104,5.419354838709677,0.11052698178973645,0.8606060606060606,0.9480575459023735,31,926
p0134,35.0,78.5,2.5,7,0.425,0.8210526315789474,0.1440677966101695,2.375,0.20342389915680095,0.7526828489300543,0.9000352112676057,40,926
p0135,35.0,80.0,2.5,7,0.375,0.7714285714285715,0.16551724137931034,1.640625,0.21675730842898486,0.6611570247933884,0.864004938271605,64,926
p0136,36.5,72.5,2.5,7,0.0425531914893617,0.9861111111111112,0.010582010582010581,3.0638297872340425,-0.060197146880548585,0.9508095109063812,1.0,47,926
p0137,36.5,74.0,2.5,7,0.432258064516129,0.541095890410959,0.2863247863247863,0.9419354838709677,0.3376251788268956,0.43846153846153846,0.6480587412587412,155,926
p0138,36.5,75.5,2.5,7,0.4358974358974359,0.643979057591623,0.24372759856630824,1.2243589743589745,0.2534825965689833,0.5581334149326805,0.7273028296207104,156,926
